RT @boothreference: See this and more #HispanicHeritage streaming media from @BoothLibrary Collections https://t.co/e4oCzyANdt https://t.co‚Ä¶,RT @tonikopantoja: space jam space jam space jam also me trying out motion tracking techniques on after effects https://t.co/dmQy99APFK,Jeremy Hunt's answer to the fall in nurse training places: Throw some pennies at them https://t.co/zteuiuBCnv via @MidWalesMike,RT @HiIariousLmao: These Are Some Very Awkward Thoughts People Have About Sex https://t.co/Ooitge0bL1,"RT @Gokulmr1996173: My Ringtone üòéüòé
#Baahubali2 #Prabhas @mmkeeravaani üôèüôè https://t.co/d2husPkqEb","#NawfFiesta SATURDAY 

1ST EVER HIP HOP FIESTA 

FREE ALL NIGHT
$2 Tacos üåÆ 
$3 Coronas üç∫ 
$5 Henny Margaritas

https://t.co/QaQHxJKTQd x2","RT @_gabrielpicolo: - My inspirations are...unconventional 
- Show me
- ... https://t.co/FVNQ9GVK5b",RT @Patriots: Welcome aboard #AirKraft: https://t.co/NGBAHvA27T,"Me: I want attention
Someone: *gives me attention*
Me: https://t.co/1nOzeajx7k",$50M #MandA initiative announced by@CitizensCapital.Seeks acquisition of #middlemarket companies‚Ä¶ https://t.co/VMz0WzkaZI,"RT @FluffSociety: If this isn't the live-action remake of Bambi, I don't know what is. https://t.co/Wwflpv9Y00",RT @blvckNC: Aye give my man back his snacks yo https://t.co/6pfZD7G51V,"#Science Analysis of Martian meteorites has uncovered 90 million years' worth of new information. Nakhites, pieces‚Ä¶ https://t.co/cKptmXuofb","Found a Transponder Snail!
Exclusive shots of Skypiea's ""Kami,"" Eneru!
https://t.co/d4itjMznrh #TreCru https://t.co/XWCTORbQk0",RT @AstasiaWill: A mood. I love New Orleans. https://t.co/sSRISjb7hN,RT @tariqnasheed: The white supremacists are trying to spin the Vegas terror attack into some anti-Black rhetoric https://t.co/je9RT51bkU,RT @ZaynDailyVotes: Hi @SachaBrooks We'd love to hear Dusk Till Dawn by ZAYN soon please üî•üíö https://t.co/trkxdNGZG0,Come on now. San Andreas.... https://t.co/Ys6vrfSISQ,See a virtual tour of my listing on 0 FAIRWAY DRIVE #Cullman #AL  #realestate https://t.co/RHp1lsaNkJ https://t.co/D045WtYziX,REASONS WHY I DON‚ÄôT STAY TO READ YOUR BLOG https://t.co/cyPuhjhjf9 via @jccnj #blog #blogger #blogging,RT @begsforyou: THE FUCKING INTRO TO IDGAF MS DUA LIPA FUCKING DID THAT https://t.co/D4SGAloLs4,RT @KingMiller_: Racist Twitter finna have a heart attack seeing veterans taking a knee https://t.co/tJ9akn0O6N,RT @barefootboomer: LESS DEAD PEOPLE WE WANT LESS DEAD PEOPLE THAT‚ÄôS REALLY IT GUYS NO FOOLIN‚Äô LESS DEAD PEOPLE https://t.co/wSIwQf0XSW,#UotD 'health and safety' is mocked as 'Elf &amp; Safety'. Relies on 2 Londony dialect ftrs: h-dropping and th-fronting. https://t.co/utuDY6jg67,‚Äúdo you prefer fashion victim or ensembly challenged?‚Äù -cher https://t.co/I1o1UXwFua,RT @ladiesgun: Don‚Äôt TEASE us! https://t.co/AJgccGw7r0,"RT @arashistormer: I just feel responsibility to throw this here for y'all..to bless your tl üòò 
Cto https://t.co/rdaHkVwpAP",#semplicity üò∫ Weight Loss-LOSE WEIGHT TODAY: DIETS DON‚ÄôT WORK THINKING DOES (DIETS ARE EXPENSIVE THINKING IS FREE)‚Ä¶ https://t.co/9zkDQqtppu,Snap has sold ‚Äúover 150k‚Äù pairs of Spectacles since launch https://t.co/3hKaN4oQq3,Forever &amp; Always @CBS till #ThomasGibson is on our TV wklyü§® https://t.co/ckAXAJjvjb,Can a brother get a free shirt and hat?!? Congrats to you and the entire team @samacmcbride üëçüèºüá∫üá∏üëèüèº https://t.co/ajonxylpqi,RT @LuciferonFOX: Expendable Esperanza? üòÇ Watch the latest episode of #Lucifer and see how this kidnapping goes:‚Ä¶ ,"What If We Treated Guns Like Cars? Then We Might Be Able to Enact Truly ""Common-Sense"" Gun Laws https://t.co/0CiD0GFDK4",diy queen ‚Äî yes diy queen. that‚Äôs ms https://t.co/cAO4Noxxay,‚óï‚ù§ Vintage Zorro Decanter @duckwells  #Sandeman #1930s #zorro https://t.co/R6QFFkRlD9 https://t.co/yRbFiW76Wt,Look at this on eBay https://t.co/QbreTEvd9f,one person followed me and one person unfollowed me // automatically checked by https://t.co/bPcoTrI8xX,"RT @OH_duckyHUN: CAP.1 / 171001 EP2 #ÏïàÎã®ÌÖå #Ïπ¥Ïù¥ #KAI #EXO
https://t.co/TUIgOJBvO6
https://t.co/PkHImMjBL3
https://t.co/eY64lSOmBR‚Ä¶ ","RT @andmish: wip textures + baked lights from Cycles = looks already üëå
#b3d https://t.co/iSMKDWh2sS",RT @ItMeIRL: me_irl https://t.co/uXijn71xo6,Sendin it back Sunday #NewProfilePic https://t.co/dDM62lFBej,@haseebasif: It's about time one of the Sharifs interviewed @WajSKhan https://t.co/vT3Oyi7gmz,"RT @sopharush: Here's to another year of me laughing, growing, &amp; loving you, now where's my birthday cake? üòã https://t.co/rb2wUmhkEN","RT @Bitiiez: 171008 ‚Äì Hongdae fansign~

¬°Los chicos bailando 'Go Go'! üòçüíï

¬©Headliner_jk

 https://t.co/yILHep6PRh","‚ÄúI said, you are not needed here‚Äù https://t.co/jFwF0DOHJD","RT AmericaFirstPol: TUNE IN TONIGHTüì∫: parscale will be on 60Minutes at 7pm ET!üá∫üá∏
https://t.co/mQjBmWhqhF",@The_Tooth_Hurts Idk I kinda doubt it although John Farrell needs to go https://t.co/nYaqYPeiRs,"RT @JackieDH88: Friends: why you doing dumb shit 
Me: https://t.co/7Z2DGlQoYU","RT @ashlzybenson: ""there's nothing in this world that makes me feel the way I do when you kiss me"" https://t.co/ZeHdtzz9Id",RT @cosmicjaneth: LANY üíï https://t.co/ZrxyWP80Jz,"RT @trustgrethan: üåº ethan with flowers üåº

- @ethandolan ü•Ä https://t.co/Tj76bYuPho",#REDRUM -5/02/2019 #22 ‚ÄúSo it‚Äôs happening.‚Äù ‚ù£Ô∏è https://t.co/5GRQNntmKq,Bem Disposto (Prod. Renelson Beat) https://t.co/LXVauGKjps,"RT @Niugymnastics: ICYMI: Our 2018 Home Schedule has been released!
https://t.co/4h5eFPLa8B #EyesOnTheRise https://t.co/IcfHRLV8lc","RT @rabi893: I swear, people should start practicing this. https://t.co/JHe5xAhvNm",You might feel as if you have worked yourself into a corner to... More for Libra https://t.co/FChMkC4G3g,Visit Our Site To Get Your Free Personalized Numerology Report Video https://t.co/cuBfErFUby https://t.co/OeXfTUj15A,RT @slikouron: #SOLIncubator Freestyle On @METROFMSA #FreshBreakfast #slikouronlife  https://t.co/9gJtiwB1h1,Adam Vinatieri wins AFC special teamer of the week for 17th time https://t.co/fME3fzYneY via @ProFootballTalk,#TangoModerno is the irresistible hot new #dance spectacular from tango superstars @vincentsimone and @FlaviaCacace‚Ä¶ https://t.co/XhvrEqonV6,"RT @TrollRkHaters: Shooting Starts From January 2018 
#Legend_Killer https://t.co/FZUvSZVLPV","RT @Avaaz: Whitewash: The Story of a Weed Killer, Cancer and the Corruption of Science: https://t.co/v2i6g0qdED #StopGlyphosate #glyphosate‚Ä¶",EXTRA! EXTRA! READ ALL ABOUT IT! LGA Fall E-Newsletter now available! https://t.co/XBItKNe0VZ https://t.co/lvQcFdC4M5,Y'all mind if I wild out? #SODMoneyGang @souljaboy https://t.co/6Dmd2QOZrx,digitize your family's history- https://t.co/WpWW5jSS32,adult web cam review best amateur girls https://t.co/geqfrBBaK4,RT @LizzyCampbeII: When Word Jam is more important than working üòÇ https://t.co/xQIgi16OtR,RT @aquawangjy: Not sure who lost his pants https://t.co/xHd9uLbNs7,"Join 12 people right now at ""See the Alexander McQueen S/S 2018 Gowns - Go Fug Yourself"" #cheers #fashion‚Ä¶‚Ä¶ https://t.co/Em5MZvAp1h",RT @TheKayybella: NEED! https://t.co/0tvwWnkQWr,"RT @Millicent_Mazur: Cheapest Same Day iPhone &amp; iPad Screen Repair in Los Angeles, CA - 30 Day Warranty!  https://t.co/SUK1JZYGWN

#iPhoner‚Ä¶","RT @CarbonBlack_Inc: .@CarbonBlack_Inc Research: Dark Web #Ransomware Economy Growing at an Annual Rate of 2,500% -‚Ä¶ ",RT @1SydNicole: Lol idc how much I love somebody. This will never happen https://t.co/GpxfYuJ5OQ,RT @vantaekim: hoseok‚Äôs hands https://t.co/wjRVlWPJJY,RT @BleacherReport: BYU came to shut it down üî• (via @cougarettesBYU and @BYUCougar) https://t.co/JwFtrP8Iw2,"I'm so happy I'm apart of this community, don't be afraid to be who you are. ‚ù§Ô∏èüíõüíöüíôüíú #NationalComingOutDay https://t.co/G3dZi9k7fT",thiiiiiiiiiiiiiiissssssssssssssssss https://t.co/UygYuNZRUF,9 people followed me and 2 people unfollowed me // automatically checked by https://t.co/3N9DfLFAP1,Lol I feel cheap https://t.co/t78XUDFuSz,RT @hovy122: Virtual Reality Sex Dolls Can Be Programmed. Is The End Of Prostitution Next? https://t.co/DzTOL6wSPt,Download and run the app Hyper Heroes: Marble-Like RPG: https://t.co/eIVNyWunYE,Then there's this...$369K raised for Tina Frost. The Arundel High grad lost her right eye in the shooting.‚Ä¶ https://t.co/POzR3iSlmF,"Picasso is sketching at a park. A woman walks by, recognizes him,‚Ä¶ https://t.co/aHIGKL6QkR",How Weezer's Rivers Cuomo Used Google Sheets to Make Ambitious New Album https://t.co/MFWY9oOV7k https://t.co/czA2hCzZdq,Flickr Friday - Dogme95 #flickr https://t.co/IiNB8cwygY,"Have you seen our shiny new website yet?
Dedicated to all the fabulous plants we provide here at BH!
 üå≤‚Ä¶ https://t.co/FxvCdu8wtg",RT @OooThatsPretty: Adjustable Blue Turquoise Silver Chained Beaded Handmade https://t.co/E6OAM4l1S3 via @Etsy,#nowplaying Rockwell - Somebody's Watching Me https://t.co/VTagfuKdFT,Kellyanne Conway Gets Dragged Into Tom Price‚Äôs Private Jet Scandal https://t.co/GU4t7w2Oc9,@WalshFreedom Nancy needs to walk back that comment! Disgusting! https://t.co/DJlH69wsHO,RT @BillRatchet: the day has come  https://t.co/PbbejQEBGl,"RT @Classicbritcom: ‚ÄúOh, Mr Leeman""....""We thought you said‚Ä¶.‚Äòthe linen‚Äô.‚Äù https://t.co/mh5MDxTbsS",RT @justnbzzle: My forever mood https://t.co/BrbS25XnUr,RT @Sangy_Sagnik: Exams to Students https://t.co/cXcOPCMQqC,RT @DailyVocaIs: We waited 11 years for Gabriella and Sharpay to duet and we've finally got it https://t.co/Tsr2ie3Rc1,RT @gyllenhaaIl: so the neighbor just sent my dad a message on facebook.... https://t.co/5DACgVGVGa,RT @EarthDesires: Just saw this on Amazon: Little Girl Blues: Existence of an Image by J N McGhee  https://t.co/3Q3TaGmMzO‚Ä¶ ,RT @ultmkook: @MADE_ME_AGAIN Congratulations on 20K‚ù£Ô∏è üéâüéä https://t.co/OxTJEjvjhA,This NGO run by musical legends wants to give underprivileged children a chance to explore their creative sides!‚Ä¶ https://t.co/WdTfvUweF5,"RT @TribeOfMa: loaf on the rocks. Good Morning, @LidiaPhilema @Crispi66 #kittyloafmonday Daily Cappy üå∫üíêüåªüåª https://t.co/CH8ne7POXV",#NowPlaying on CAYA Radio:  Rocket From The Crypt - Young Livers 90's Rock/Alternative Tune In: https://t.co/L9p79DC8WB,Why do I always get this for levelling rou ;_; https://t.co/GOeB0bWUTX,"Cork Simon Community, company limited by guarantee, 1 of 86 in State gets ‚Ç¨3.8m/yr from the govt. @MorningIreland‚Ä¶ https://t.co/W90sdS6WLP","RT @BleacherReport: Shane McMahon off the TOP OF THE CAGE üò±üò±üò±

(via akelkar11/Instagram) https://t.co/HrUA7x9F94","RT @SkySportsNews: VOTE: World Cup European Qualifiers - Goal of the Weekend

https://t.co/oFqL7Lnn1U https://t.co/aLiqafRHS5",I added a video to a @YouTube playlist https://t.co/tehT06x60A Why We Age - And How We Can Stop It,Thinkpad X1 Tablet Leather Sleeve TURBOCHARGED https://t.co/yRPkTMADi4 | #thinkpadX1 #thinkpadX1sleeve #thinkpadX1tablet #thinkpadX1pouch,"'Seinfeld,' Shrinkage and the Rising Cost of TV Viewers - .chart-tv { float: left; margin-right: 30px; Continue... https://t.co/os3ueI8qVM",RT @B24pt: Slide dabbing into the World Cup üòé https://t.co/WMHwaZseuu,RT @halsey: Mental Health Awareness !!!!!! ‚ú® https://t.co/8qsrXgRH5a,RT @SexualGif: when someone asks me about my ex https://t.co/CHFWT2yWBs,"this, on headphones, w/eyes closed, only when the ""amen""s start you'll have to open them because of the splendor https://t.co/ljcU8T5DMG",RT @rmarkusb: I JUST WATCHED THE EPISODE WHERE THEY FIRST KISSED I'M EMOTIONAL https://t.co/OkiZDg4H9J,RT @Shimotsuki04: Love punch ... / üòÇ #Î±ÄÎ±Ä #ÎßàÌÅ¨ #marktuan #bambam #markbam #got7 #GOT7fanart #youare #7for7 #Í∞ìÏÑ∏Î∏ê https://t.co/hZv2fWnMKg,RT @SharedMotivati1: Good night and sweet dreams! https://t.co/f2Rt1nNNxv,[L'Amoreaux] Lapras (M) (IV: 37% - CP: 462) until 05:09:33AM at 2821 Birchmount Rd https://t.co/8fO9mDyClJ https://t.co/CdtKJkKeiv,@saumyatandon Amazing Madhuri Dixit https://t.co/R4ywJD3Cec,elliottwilson's video https://t.co/GmRJUKPYao,Turkeyüáπüá∑... https://t.co/UrYsqWgwDA,"Cloud strategy in the clouds! Join us for breakfast in the Aquashard with @Nutanix, @rubrikInc + @CloudianStorage‚Ä¶ https://t.co/GqjuOSZzz2",https://t.co/v86OFi247H #Advertising #Adwords #Affiliate #Business #Marketing #PayPerClick #PPC #SEO For Apple ... https://t.co/gpFUSo7n7U,RT @NiggaTarzan: Damn nigga how old am I? https://t.co/kq1kAt2HJN,"RT @Quaandadon: This new wave of DICKHEAD ""comedy "" yall tryna create is lame as fuck. https://t.co/X88ZXZdN5l",I‚Äôm all for pet adoption / rescue. Metro Animal Shelter is giving‚Ä¶ https://t.co/fGTFiBcpKN,RT @kerrywashington: Happy #NationalComingOutDay! ‚ù§Ô∏èüíõüíöüíôüíú https://t.co/zsnCdDu8el,new dads are so cute and funny omg üíÄ https://t.co/G4nh3M8lmT,iconic https://t.co/CPld3hlZm3,Tell Pres. Trump to stop sabotaging our health care system! #ProtectOurCare https://t.co/g5KFDLTb2Z,"RT @JuddLegum: You break it, you buy it. There is no Obamacare, this is Trumpcare now  https://t.co/rH1BWGn27v","What causes a Concussion?
#arnprior, #mcnab-braeside https://t.co/FY2pVVoIFp",Game day with @paoneiiil üèÄüèÄüèÄ https://t.co/NWQpRQEDeT,RT @merslay: Ok now this... this is love https://t.co/nEI7UVRi1V,RT @businessinsider: Here‚Äôs what it was like to live in a city controlled by ISIS https://t.co/zoXgWE9NfX,RT @CamilaMyIdol: NAH WE CHOOSE LOVE ALL THE TIME #WeLoveYouCamila https://t.co/KwgKDOd1zT,"RT @Reuters: Trump scraps key Obamacare subsidies, urges Democrats to fix 'broken mess' https://t.co/psBVp83EVo",RT @goldengateblond: THEN STOP CUTTING FUNDING TO HELP THE MENTALLY ILL YOU DOLT https://t.co/MgAzfEJup0,RT @emilybyrnie: YOU CAN CALL ME JENNIFER https://t.co/m24xJ37Fu2,RT @BiIlionaires: Pulling up to the Lambo üòà https://t.co/yQttrxRZCQ,SHE belongs in PRISON https://t.co/COR81zSPi2,really really rough but im done with this for today https://t.co/Mom8KdCv8Q,RT @maggieNYT: Great story https://t.co/cPq1zsGjgY,Everyone needs more INSTAGRAM LIKES! Check out how to get more #Instagram #Likes  https://t.co/F8gFa0gd6U,"@davidgcreed Pitching a project called ""NYC Medium"". I am psychic/medium. Do many readings a day here in NY.  Looki‚Ä¶ https://t.co/lFrGj1g09Z",The Dwayne to my Whitley @escoblesso ‚ù§Ô∏è https://t.co/NLTxgspqhk,RT @ThePastelWords: That‚Äôs the spirit! https://t.co/KPXmZWF4Sb,@PlayOverwatch just roasted tf outta this poor guy https://t.co/P8AEoDh92w,RT @FifthHarmony: @973KISSFM we hear you‚Äôve added #HeLikeThat. Thanks guys!! üíã https://t.co/ZJKXwn9jPW,RT @SnoopDogg: Brothers üìΩüéûüí∏üëäüèæ https://t.co/DPNkMoqLNq https://t.co/y7jeO5zovJ,RT @CDA_LionsSoccer: Check out mid season highlights by Hunter Longcrier on @hudl https://t.co/mcEHSiMtgM #hudl,RT @comedyandtruth: after he kisses your forehead https://t.co/zURsszhCiE,I'm entering to win the Twist Curling Wand by xtava #giveaway #beauty #curlingwand #hair #xtava @xtavaofficial https://t.co/HqxW3jUtAB,Supersonic aircraft promises to fly from New York to #London in 11 minutes #London https://t.co/U7fTXzu8W5,Is any pasta worth $11 a pound?: https://t.co/tflKztAeJR https://t.co/W8oGwUcoWy,You may think you‚Äôre shouting into the darkness today and coul... More for Gemini https://t.co/C38AcAPIA4,Your desires are pretty simple today. You‚Äôre not expecting the... More for Cancer https://t.co/v0atPBzEdQ,RT @haetbitmark: bambam1a: Last Practice! D-1 https://t.co/GnDznHP0XG,"RT @orlandzzz: Hello guys!! 
BOLDERandSTRONGER SOFIEGO https://t.co/madgtXEOkl",Kumari Kandam is the symbol of Tamil people - https://t.co/eDibxdMwF4,RT @btsbeingbts: JIMIN IS SO EXTRA https://t.co/phWoTuRGGe,RT @xeni: And by that he means large MDMA parties with an edible bouncy house and kitten cuddling chillout tents https://t.co/oFr3BV01N8,one person unfollowed me // automatically checked by https://t.co/N4fmw7A5ap,Tboss Flies In Private Jet With Ubi Franklin To Watch Nigeria - Zambia Match https://t.co/InMels52jF,A friend or lover may ask you for a special favor today. Natur... More for Pisces https://t.co/q3DH86QDGm,"RT @natalielouize: NEW POST!

HOW PROSTITUTION HELPED ME FIND PURPOSE -

https://t.co/gEbpcEMlQ2

ENJOY ‚ù§‚ú® https://t.co/pUYJhMS134",RT @MrOkeke_: Forget the rustication. She dey dance üî• https://t.co/7hTJKKSW0E,Bjergsen Refuses To Die At Worlds | Imaqtpie Got One Shot In Half A Seco... https://t.co/efxotJwdWl via @YouTube,"RT @NickCohen4: High time we had wolf packs back in the British uplands
https://t.co/e6okldYHFk","RT @Maichardology: She knows it, 
She knows you're worth it. 

üòåüíõüò≠ #ALDUBHappierThanEver https://t.co/Pi5lBDTs5J",SHARE &amp; Get it FREE | Join Sammydress: Get YOUR $50 NOW! https://t.co/trfkZKxuLY,"This book was written out of a sense of hopefulness

Book Order here:
https://t.co/wZvp9H2wy7",RT @BoomerHolocaust: WHY DO PEOPLE STILL MAKE THESE TWEETS https://t.co/UjgneBpqhA,RT @ForeverLustful: https://t.co/MpxPfx9MKQ got it all set up. Check it out ‚ù§Ô∏è I‚Äôll be adding newer stuff once I finish uploading all my ol‚Ä¶,"I saved a @YouTube playlist https://t.co/5YV4cDFXAp Exciting, Night","RT @VolRumorMill: Damn SON!
https://t.co/wadiD7pTGf",RT @ItsReginaG: THIS IS GREAT https://t.co/V4I0dTOJj9,"Someone made this extremely uneducated comment on the MTV redbone vid, but it's okay boo bc B has everyone's heart‚Ä¶ https://t.co/AiKSRcIc0P",Client‚Äôs home being built and quick kine dinner! @ Wallis Ranch https://t.co/rBgv8IcnTN,"Have a nice weekend ü§ó
#Oman #TheSecretWaterfall  #2017 @ Saudi‚Ä¶ https://t.co/XT3ATRyVNY","What a pleasant surprise, Marriott always knows how to take care of their rewards members...12/10 üòä https://t.co/1JfsT8e5ja",RT @Vasudha_97: Ohmygod üò≠üò≠üò≠‚ù§Ô∏è https://t.co/m5vBNtuEEE,"RT @aliasvaughn: Trump's UK state visit downgraded, ""he will not be guest of the Queen"". https://t.co/eZ0XrQgB3n",RT @loneamorphous: Bey was SHOOK. üòÇ https://t.co/gxbKTFdgLH,"RT @FYharrypotter7: ""The old Sirius can't come to the phone right now. 
Why?
Oh 'cuz he's dead"" https://t.co/Y7wQ3pHHvj",Tnx @SlashDataHQ for ranking MSFT's #Azure #SQL #Database as No. 1 Database as a Service for developer satisfaction‚Ä¶ https://t.co/hHQUsy5BWl,Battle Chasers: Nightwar - Hero Spotlight #3 - Red Monika https://t.co/a9eETvh0q7 #gaming,More Study Abroad Opportunities Needed for Students of¬†Color https://t.co/KcyJcjivkW https://t.co/ujR33106H2,"RT @spankyevans1: Better keep yo shit on you, you never know üòÇüòÇüòÇüòÇüî´üî´üî´üî´ #MemphisTN #901 #STOPLACKINCHALLENGE https://t.co/mwJxpRvg5q",Break during my first aid course out of town and I got a decent pack. Glorious chicken https://t.co/CiKTS2ZWhc,RT @hiruna454: DAY 01 ~ ROSE üåπ #inktober #inktober2017 https://t.co/nEey0dMeKL,RT @Fountainstripes: #ÎèÑÍ∞úÎπÑ #Goblin #GongYoo #KimGoEun iPhone/Android HD Wallpaper by fountainstripes (10) https://t.co/XtYvU7Sdon,"RT @somalijawn: ""sad. very sad. tragic. good people. im a fan of country music myself."" https://t.co/jiz8pebP1i","RT @Juice2Wavy: On the next episode of ""bitch we been knew""... https://t.co/oaqBUXJI23",Welsh Assembly https://t.co/px4737ya5f via @UKChange,25 Most Evil Women In History https://t.co/zb50clXAZR https://t.co/b3bk4Bxbvf,RT @bitchlerrie: no lie this actually makes me so happy x https://t.co/qHVUlwQZn6,RT @fitemiIy: I can't believe how viral my story went üòÆü§ó If you want to try it yourself the link is in my bio! üëÜüèº https://t.co/vaISWosJdh,RT @mokologue: üçôCooked plain rice / white rice üçöBasic recipeüëâ https://t.co/X4NKLfckGJ üëàTo Enjoy natural sweetness #Japan #foodporn‚Ä¶ ,"RT @StormHour: Football lovers live in Lofoten Islands, Norway. Shot taken from a small plane. By Stas Bartnikas‚Ä¶ ",RT @Heytamilcinema: #VijaySethupathi 's Speech at #StuntUnionEvent ! https://t.co/wwnoUU0DwD,@ashsoles @TomNamako BECAUSE THERE IS NO STRIKE. That was a lie spread by rightwing media. A lie that you fell for. https://t.co/2wgoiYdP38,Screen shot from this #rockmusic #MusicVideo compilation - https://t.co/Y9wuHCjOwK https://t.co/H4xJUnJZ88,Your notions of success inspire you to visualize your ideal fu... More for Gemini https://t.co/cqgqnGxSty,so hard to look at https://t.co/Pd2CiUMJPV,"RT @uggisa: Review Home (Kindle Edition) newly tagged ""galaxy"" http://t.co/2zQ4WxrVDn","You can watch videos on V LIVE.
https://t.co/ilh1VBFrqu
#BTS #BTSRun ‚ù§üôå","Stock Trading: Economic Roadmap and Index Preview for the Week of October 9,¬†2017 https://t.co/t4I3faspNX https://t.co/kXOut6btBD",RT @bucketofROBOTS: i want this yellow outfit https://t.co/2ng89SFnDu,3 people followed me and 4 people unfollowed me // automatically checked by https://t.co/8pDGEFGFRY,"AP Poll: Just 24 percent say US heading in right direction https://t.co/EyXRwAEY7k But would even fewer be happy under Hitlery?  OF course,",Boycott racists Business who would deny NFL their rights in a free country. https://t.co/Kf7mjROQ8C,RT @shampoo: I thought this was kind of cute and funny https://t.co/gQR1qTGRKb,"lol I just came from _uck work, im chilling before cooler Jouvert https://t.co/eELvvPQ5HC",RT @archivesjk: did he really just do that https://t.co/jvo5VmbfKM,RT @ModernFam: That moment when your baby has grown up and gone to college. üò¢ #ModernFamily https://t.co/zq3kDgu2Rf,@cg_special Please fill out our recruiting survey so I can get your profile and film updated for our database. https://t.co/nD90gp9RcV,"RT @BackThePolice: Good job, buddy! https://t.co/KMB3W3KaYH",Future is looking great https://t.co/wzsHMTSwql,RT @BlakeDontCrack: Black people been telling y'all this. https://t.co/K26hrgxBPE,"RT @probablyjikook: Regarding my paypal that was used by @MYoongi_0309 for Recontrer.

I am also a victim here. https://t.co/SRtmRcuoAm","RT @nickynoo007: @markpalexander üëèüëè.Like u,I hadn't thought about it much before the https://t.co/WDLunlv1n4 know that I'm British E‚Ä¶ ",@raadfest 2018 touching down in San Diego with guest: Ray Kurzwell! Sign up today for an early registration special‚Ä¶ https://t.co/Nh7UUwcEPf,@PyrocynicalVEVO your video is gone m8 https://t.co/c4SJTy0aeB,"RT @garykrause7: Mark Finley: ‚ÄúGod sent His Son, not a Tweet.‚Äù #GCAC17 https://t.co/u2mBuPeQ9a","@JayMcGuiness and @MaxGeorge drinking üçª their way... It looks like they're making out with the can, to be honest üòÇüòú‚Ä¶ https://t.co/RVBN1bwM65",RT @whoenvyme: i feel you sis ! https://t.co/GPQ2e1Ubof,I liked a @YouTube video https://t.co/kxotQpCq52 NEW Look CHINO HILLS 1st Game Of Season!! Still Got TALENT + New Coach!!,RT @aayylmao: ok pls who really gonna end my shit right fucking now https://t.co/bvGVLZcy7f,I feel a way. Last time I checked Trina was the baddest bitch from Miami https://t.co/u0iqOqGQvV,RT @forepIays: mood  https://t.co/xDsiQ2CjKs,RT @AllThatHH: My marriage gotta be lit like this when we old! üò≠üò≠üò≠üò≠üò≠‚ù§Ô∏è https://t.co/YqxzxqnsEh,RT @GodElectedTrump: Right????? @VP you came through üôè https://t.co/2kMgHNBUef,RT @ALT_uscis: Fixed it for @VP https://t.co/XmRwRYROav,"Vertical ribbons, what could go wrong? https://t.co/CsjGXZo57h",Smoking wit cigawettes https://t.co/QfCP6yumrr,RT @apinkdoingthing: bomi's legendary kick on running man again HAHAHA https://t.co/nHt99XMIp6,RT @KingMoeTheBoss: This is the most white people shit you will ever see on twitter https://t.co/rTvyiPubk1,Wasn't lying about going McDonald's with her https://t.co/6S7lKCDj8T,INVOLUNTARY WEIGHT LOSS-WHAT CAREGIVERS NEED TO KNOW #caregivers #seniorcitizens #homehealthcare‚Ä¶ https://t.co/cQFfCt9VfW,"RT @Society_gg: 2 Hour AK-47 | Neon Revolution Giveaway!

To win:
- Retweet+Follow
- Follow: https://t.co/tPY0gFwGYR
- Tag two frie‚Ä¶ ",Nearly Half Of Companies Say They Don‚Äôt Have The Digital Skills They Need...... https://t.co/l3N10kCHq4,RT @appletokkiiiii: Hey Mickey! #‡πÄ‡∏´‡∏°‡∏µ‡∏¢‡∏ß‡πÄ‡∏ï‡∏ô‡∏•‡πå https://t.co/b6RZMMnObR,"RT @deathlylogan: person: I care abt u 
my damaged ass: https://t.co/eqavSQQ3ul",RT @girlhoodposts: People on Facebook are a different breed https://t.co/7oyDQVcaLg,"Make money online fast! Do you want a business at
home? Go to: https://t.co/8Re8riyj8m https://t.co/YHaaEz9mEb","RT @jeonglows: jungkook sweetie i think you forgot the ""without hurting her feelings"" part üòÇ https://t.co/Hhzk1Ca6F7","RT @QuenLandiaOFC: Thank you miss Donita Rose @RealDonitaRose üòä 

#SevenSundays https://t.co/HJc1oK9JMS","RT @infinity8_1107: üë¨üíò
My Only YOUüíïüíïüíï
#ÏÑ∏Î∏êÌã¥ #seventeen #ÏÑúÎ™ÖÌò∏ #the8 #ÎîîÏóêÏûá #ÂæêÊòéÊµ© #„Éá„Ç£„Ç®„Ç§„Éà @pledis_17 https://t.co/iAAXo7TEUX",one person unfollowed me // automatically checked by https://t.co/FLMU0lWPB0,Pokemon Pokeball Glass Dome Necklace Pendant The World Of Pokemon Go https://t.co/UJHO3Qydh4 https://t.co/FDLpNWSEtq,"My Before Its News Posts #BeforeItsNews https://t.co/PsaUE8F6Dv

 //
This Man Reveals All Their Plans for Œùov 4th (What Really is Going To‚Ä¶",#Photography | Reflection | #PhotoOfTheDay #Travel #Photo https://t.co/w59Ox4daoE,Google‚Äôs self-driving car in broadside collision after other car jumps red light https://t.co/VoN5zk0Cga,RT @allanimalrights: PLEASE ReTweet (GRAPHIC) THE TRUE FACE OF #DogFighting #AnimalRights #AllAnimalRights https://t.co/DWSeXO5OG7,"RT @dpotocki: Crazy ass liberal, wanting people to live and shit. https://t.co/rEMQ3uK4p5",RT @eurogamer: Star Wars Battlefront 2's multiplayer is a big improvement on its predecessor. Here's how: https://t.co/bZ3UzWYfhm https://t‚Ä¶,#RainINTL #LifeConcentrated #BecomeMore #SeedNutrition: Let Seeds Do The Work In Raleigh North Carolina - https://t.co/kYUXlktoSa,RT @StockholmCF: Pakistani authorities still silent over Ka√ßmaz Family on 6th day of their mysterious abduction‚Ä¶ ,RT @Ra_Bies: I don't know who made it. I condemn it #ModernDayGandhiQuotes https://t.co/0uiGKvZYti,"This surveillance video from the Cosmopolitan Hotel of Las Vegas in 2011, where Las Vegas shooter Stephen  Pad  https://t.co/ea6Q3DFArW",RT @neo_neo66: Halloween make üëªüíó https://t.co/5x0PFsJ1EU,"Check out my new post! Morphe 35F Pallet: Fall Into Frost Palette :) @morphebrushes
https://t.co/Pdc4O1f8fg",Chaos in Egypt: The Whole Story - https://t.co/BNnmOCNaqE https://t.co/wC6acnH9OT,"RT @stealingHeart_: These Shocking Pictures Of North Korea's Military Tanks Shows Off Their Warlike Intention////

https://t.co/mbmCvhfCcA","RT @arief_pranata: #UNSTOPPABLE my life so far @MariaSharapova @sharapovasia 
https://t.co/FRGCrUg37F https://t.co/7IuqqqiJjd","RT @StevStiffler: Friend: Hey wanna go out tonight? 

Me: https://t.co/kMBXkDEXrT",Get that state fair flavor in your own home! Try a @PerdueChicken chicken fritter sandwich #Promotion #PerdueCrew -‚Ä¶ https://t.co/vZBthHzmGZ,RT @Talula03603608: Hard Rock Cafe Ibiza #queen https://t.co/jESKr1qvGo,I added a video to a @YouTube playlist https://t.co/XpvnzmEXtA ÌïòÏßÄÏõê Ha Ji Won in Î≥ëÏõêÏÑ† Hospital Ship OST Special Track,Learn how to save 90% on your #wedding without sacrificing what you want most in our #Ebook at: https://t.co/2JOqobQIMz,RT @all1dcrew: Love you Goodbye https://t.co/2G01ev3WVR,RT @JacobTremblay: Today I am #Eleven!!! Thanks for all the #birthday wishes!!! üéÇüéâ https://t.co/q36se4SK1Q,"Small vlog, Bigo fun  #bigovlog https://t.co/DZZnMHF8nq https://t.co/1RUvljGwDV",I just queued up ‚ÄúAwakening Dynamics: Watch a miracle happen!‚Äù to watch later on #Vimeo: https://t.co/5R56norhfo,"Celebrities support cruelty of #BloodFashion by flaunting the furs of murdered animals 
Go #CrueltyFree #OpNo2Fur https://t.co/cg34Cxv5Dg",Reuters: Trump eviscerates health insurance birth control mandate https://t.co/8f0klrahgk,RT @FreshSuave: üòÇüòÇüòÇüòÇ niggas lol https://t.co/qkXtrhIiwk,Flex together ü§§ https://t.co/M0BAFENHY4,Florida governor wants #assistedliving rules in constitution. In More News. https://t.co/BShbvIq856,"I'm at Le Mall in Jeddah, JeDDAB w/ @deemahba https://t.co/QzuB0ahc2P",I‚Äôm not sure what‚Äôs worse. That being your wallpaper or the fact that you still own a 5c in 2017. https://t.co/bJfKKnCc6S,RT @SportsNetLA: This is your 2017 #Dodgers #NLDS 25-man roster. #ThisTeam https://t.co/rHZcJP22Ek,"RT @JimJamPics: our fav mochi is turning 22 in just a few days, rt this while you still can https://t.co/N8gJgXwgTz",Shikhar Dhawan Shares MS Dhoni‚Äôs Funniest One-Liner    #msdhoni https://t.co/S52BwjDWiG https://t.co/236qzEQ0XJ,"Boston to Qu√©bec City,Halifax to NYC, the hues of fall on an all-inclusive voyage #SevenSeasMariner#cruisemonth‚Ä¶ https://t.co/jUhiokZhu4","Advancing Stage III NSCLC Care Requires Personalized, Multidisciplinary Approach #lcsm https://t.co/7VWG2VqojU",RT @RheaButcher: In the what now https://t.co/CMMVcggScb,"RT @H_Town_74: Trump campaign Digital Director says Facebook is the reason they won 
#TheResistance #CNN #MSNBC‚Ä¶ ",#VintageTonkas #Tonka #TonkaToys Tonka Large Yellow Metal And Plastic Dump Truck 2012 Great Condition https://t.co/D0cwwxHNMk,*bitch https://t.co/VLXOSHg0y9,"""It's truee"" üé∂üé∂üé∂üé∂ https://t.co/LxwOdRbWZc","RT @FansZverev: Sascha was asked about who is the most handsome player on ATP
See his answer üòÇ https://t.co/U9hBwdFYAu",New Day &amp; The Usos #HIAC https://t.co/AGnQRR7eGx,please share this post :( https://t.co/FZD4aycQVQ,"RT @NewsyTalk: VIDEO: Slap Competition, (When a Slap Can Kill): VIDEO: Slap Competition, (When a‚Ä¶ https://t.co/ieWMOdDIVQ More @‚Ä¶ ",Run it up üèÉüèæüíú https://t.co/V7f2C8YK1J,RT @BroHumor: Monday got me like https://t.co/3X385XQZ8k,RT @Chameleon876: Janet Jackson with @TatiOnYourRadio and @Lilyonair! backstage before show (üì∏ @Jamn957) #SOTW https://t.co/ckqDNKE8SU,Ferrou https://t.co/LSiSy3hHeN,@thindoll @ysIskinny and we love you https://t.co/hSz72wRtsf,RT @ansontm: I mean... maybe this is a wild concept but his name??!! https://t.co/KeT8ZB6Gl2,RT @dkillaa_: question is how many people can say this https://t.co/ziXen2nUpB,RT @minyoongipics: cr. major scale https://t.co/am7cmdbFst,RT @Raquel_Savage: This was ...I'm wet https://t.co/sEbpfA5LZw,[Harrow] Alakazam (M) (IV: 68% - CP: 286) until 02:09:52AM at 38 Furness Rd https://t.co/LBomQRcynI https://t.co/ulST9hDo9P,Got extended sizes pink/black 12‚Äôs Let‚Äôs Talk üëÄ #FamilyBeyondTheKicks #FLYFRESHLIKEUS‚Ä¶ https://t.co/M4UwjySllg,"RT @JasontheScott: .@Lauren_Alaina's ""Road Less Traveled"" romantic comedy to debut 11/10 on @CMT at 9pm EST. https://t.co/gWgyH8uL4a","See what's moving in #Bartlett 6236 LAKE VIEW CV #justsold 
Crye-Leike, 901-260-4780 https://t.co/A8eulE9ivA",RT @RealKentMurphy: This lady is RUTHLESS https://t.co/bfs9Y779Sg,Dar Williams to play Jan Regan Smith Club Series https://t.co/uUQcq4Z7eV,RT @modex_tech: Check out our #bountycampaign ! https://t.co/zxlO43C5s1 #ModexICO #DECENTRALIZE #btc #eth #crypto #fintech #bounty,Average gray Joe Boxer unload closeup https://t.co/ivqqgOjQ5V,#NP Terence Trent D'Arby - Wishing Well https://t.co/EietEGjWvB,RT @kenndriel: li bitty cutieeüíã https://t.co/Nxb7TBv4Ga,RT @add_more_suga: Tutorial thread on how to vote for @BTS_twt in MWave üòò https://t.co/6qHx4xIAyv,"RT @arteaIdia: ""Salome with the Head of John the Baptist"" (1607), Caravaggio (Italia) - Barroco https://t.co/xWFD1E1oFQ","#Repost @mrjamalski (get_repost) if you get this, then you get me...#folex #wtlgd #justicesystem‚Ä¶ https://t.co/nJmwGxnhAN",Nice https://t.co/xWud8itvTb,RT @SCRailwayIndia: 8 Humsafar special trains from today @RailMinIndia https://t.co/V1tLfUKWvC,Join me on the Cruz Crew Community on the uCampaign app! Download it here: https://t.co/PGf8VvZyW4 and give me credit: RYJML,"RT @Berti_and_Ernie: 'Wherever you go, I will be there.' - A Dog #dogsarelove https://t.co/sydTdzywDg",When you submit your business info on @googlemaps and Google decides to use the wrong spelling based on a customer'‚Ä¶ https://t.co/UqP4fM0aW1,@KallieAilstock this is us lmao üòÇ https://t.co/JgjG5vvgVU,NYCC Exclusive 2017 Rick and Morty Portal Gun $55.00 via https://t.co/Njpvb4P6n2 #portal #portal2 #gaming #steam https://t.co/29bcU9Elv9,RT @EdenHazardBooty: Hazard https://t.co/eRsZlTrLeW,RT @jennaleath_: this is me and @sarahdalby01 https://t.co/ezTG6CG6tR,RT @sammitorres_: I got sunshine on a cloudy day üíõüåûüåª  #hoco17 https://t.co/mo29BqNBid,I've just watched episode S01E05 of American Gods! #americangods https://t.co/tuzstpOk6q #tvtime,My dinner watching Thursday Night Football https://t.co/eDh50IddLH,Ella Moon #Women‚Äôs Marin Cold Shoulder #Dress in https://t.co/UqXs5Rmdnb #fashion #free #free #shop #gift #style‚Ä¶ https://t.co/dxHZ02FXT6,RT @eye_tary: Here Are Some Seriously Creative Halloween Costume Ideas https://t.co/y4ShlQy1FB,"RT @hercannalife: Ellementa Denver: Women, Cannabis, and Yoga 10/20 Friday https://t.co/oTOmb6wRUD https://t.co/g076t05Tru",im crying i love family https://t.co/7hDV10rmu1,RT @adoringcabeIIo: she‚Äôs the cutest thing i‚Äôve ever seen https://t.co/yCirDIJzjW,RT @SenpaiDusia: Emma Swan from #OnceUponATime #inktober day 28 https://t.co/GkQBfHi49f,RT @FlTMOTlVATION: Neeed these ‚ù§Ô∏èüåïüîò https://t.co/GjnuFy3BeU https://t.co/mrNBRSQKrQ,Fuck this shit I'm done. https://t.co/wb6P1Cayi9,Good luck to @ScotlandFA in tonight‚Äôs crucial match against #Slovakia at #Hampden #tartanarmy #SCOSVK https://t.co/8y5nTBFEST,Proud to support UMary Baseball! @UmaryBaseball https://t.co/FQLO3OcHVM,guess who's probably gonna have a bad school photo tomorrow https://t.co/H248vStwb0,The @Hackmasters team was formed to answer 1 question: how will we live in the future? And creating strategy to rea‚Ä¶ https://t.co/0TI24gUIaJ,"Procurement &amp; Logistics Manager at International Rescue Committee
View Job Details: https://t.co/W2ILZ9c7Zq
#Jobs‚Ä¶ https://t.co/hpePQsLuw9",}Ma Story - My Elevator Battle https://t.co/Sk3pAVo2rC,RT @BadMrW0lf: How she got those little bruises on her hips she can't explain ... üòèüòà https://t.co/mfMdS9ouKX,"Candid Wedding Photographers in chennai,..For more info visit https://t.co/DV9ePkwwcX https://t.co/bEWSZcBGUT",RT @Evidence: This made my week https://t.co/Zr5FD0dULw,NEWS BYTES 171005 THREE DIRTY¬†BIRDS https://t.co/bbd63z4Jv4 https://t.co/uLA63uVLjX,RT @SeanParnellUSA: How it's done. https://t.co/B2xLh5ht78,He's free from UNEC https://t.co/7TyZhNDVh6,Quick! Someone please fetch me a cup of coffee (and pee for me too!). Walter‚Äôs got me trapped &amp; I don‚Äôt want to dis‚Ä¶ https://t.co/OnLxj0Q60n,"‚ÄúTu postes trop de photos insta‚Äù 
Me: my efing face, my efing cellphone, my efing wifi https://t.co/nS2A5xgyJ2",.@PattyMurray &amp; @Govinslee there is a solution and you can make it happen - Listen to the science and #FreeTheSnake https://t.co/29WQ6MBskz,Love my President...Trump 2020! https://t.co/JApjKOzJMO,sigh. https://t.co/IalCDoyHWR,RT: Holiday Inn HolidayInn #Chantilly üè® üëâüöñ For Taxi üìû703-445-4450 https://t.co/67Yvk7Xvja,I only got Predestination and Comet so far since they're the first 2 that I thought of. I can list a lot of books t‚Ä¶ https://t.co/Xv1yj4fuv5,"#NowPlaying ""@Calmplexxx - The Life I Chose"" on DMV LIFE Radio https://t.co/mSEeSMgtfA #DMV",RT @descendants: .@DoveCameron and @TheCameronBoyce straight from Europe! #DescendantsTakeOverTheWorld #Descendants2 https://t.co/TN0UanFRBo,I just checked in at Dunlop Tires with #mPLUSPlaces Download today!  https://t.co/Im3YiBkcLK,RT @littletyIer: the expression on joshs face when he looks towards tyler makes me think of things u know https://t.co/FCAhbvW9O8,RT @MeanGlrIs: Get in loser we're saving Halloweentown https://t.co/U5cI0JzlrW,RT @MarvinSometh1ng: Sweet Chilli sauce is GOAT https://t.co/2cbiU31DJW,RT @purecleaningsco: 9 Beautiful Places &amp; Statues in Central Scotland https://t.co/ZvA09eYbpJ https://t.co/2bdtvtwXYD,"RT @FloWrestling: Pretty solid three man group. Kurt McHenry, Roman Bravo-Young, and Gavin Teasdale. https://t.co/fo3HlvVp2N","Top 5 superb video creation softwares for awesome #videos, #Pixilex #video #videotools #advertising #content‚Ä¶ https://t.co/EZoB8DExK1","RT @imjonginswife: 26 years ago, Changsha China, 7th of October 1991 ‚ú®

#HappyLayDay 
#HappyYixingDay
#Î†àÏù¥ÏïºÏÉùÏùºÏ∂ïÌïòÌï¥ https://t.co/iTH93maTS9","07-10-2017 21:10 #Italia2 Iene Show #Intrattenimento #Comico #StaseraInTV
https://t.co/36Cvg6fRM4",RT @Larry_Beech: DOJ wants records of Seth Rich murder released https://t.co/4Oyf43ribn via @worldnetdaily,"So appropriate, given the circumstances these days... https://t.co/EXK8w57W3Q",Vicious * https://t.co/HxmGJ9anhP,RT @1RealMir: Best part about thanksgiving https://t.co/yFB4YSuJav,The Creative Career You‚Äôre Dreaming of is Much Closer Than You Can Imagine https://t.co/sElSSfWONZ https://t.co/fuWdWSSdXt,Or just plain stupid and didn't cancel a subscription https://t.co/k8WoLeGgrc,Nintendo Pushes Switch Production To 2 Million A Month https://t.co/ddyXHmIKtC #games #news,That moment when u try not to step on 50 pairs of shoes walking back to your bed in the dark after you turn off the‚Ä¶ https://t.co/Pql0SmoPKA,"RT @taekookmoments: BTS MILK SONG KOOKV CUT
THEY'RE THE SOFTEST AND THE CUTEST! https://t.co/DPbYxcqEPT",Sony Corp Ord $SNE Short Interest Update https://t.co/BzGZC9XAiC,"RT @LAXnOREOS: Dear God. It ACTUALLY fucking happened
https://t.co/wS6DD4naXU","Lucktastic gave me a chance to win up to $250,000!
https://t.co/Gp7QqC9V5S https://t.co/nVRrEgVDPG","RT @atul31gupta: RT @sushil_tilak: Create Your Admin Game Plan For #Dreamforce 2017 - #Salesforce Admins https://t.co/dmGKhiQy4b
#‚Ä¶ https:/‚Ä¶",A quesadilla is just a Mexican grilled cheese. https://t.co/AhSv8F6NQz,RT @nickislaystbh: #Throwback: Nicki‚Äôs 1st written rap ‚úçüèΩ https://t.co/qISIZKmZdn,RT @tessahilll: do my tits bother you? https://t.co/In0AL8V0CB,SHES LITERALLY SO FUCKING BEAUTIFUL IM GONNA CRY https://t.co/3inZ8Di4EM,LMFAO https://t.co/mrwT56pK1x,RT @YouHadOneJ0B: How to utilize your Christmas tree. https://t.co/b61X9PijYn,"#HugYourFamilyDay | 
SevenSundays NowShowing

thanks rhod https://t.co/iIBqE3eBb5",#Qtum Price: USD $12.08 $QTUM https://t.co/4ivs8bPcLf https://t.co/ke0wnI6LWR,"Four Months To Go!! Missed this video on my channel? Watch it now ‚ö°Ô∏èHow To Attend/ Get Invited To Fashion Week! 
https://t.co/CXELxwiyIy",Just Uploaded On YouTube WCT Distributors: Trex Australia Ad https://t.co/s3PNvdYpHe,jewellery Gold Plated pleasing Natural Brown Ring gift UK https://t.co/YTICNYCpM3,"RT @HaileyHemps: Your time is up! #NiteFlirt , but you can send tips to get my attention 
 https://t.co/XcsxvxdZwn.",RT @cardhqapp: McDonald‚Äôs customer spotted selling Szechuan sauce https://t.co/UcpE5C43n3 https://t.co/2ZolVaSk3d,Announcing @RingCentral's #ConnectCentral17 Customer Panel: The Digital Workplace. https://t.co/mIYVg6EoM1 https://t.co/pOMqS4y78J,New 1.85 CT Round Cut in White Platinum Diamond Eternity Wedding Band Ring G/SI1 https://t.co/ojSVwgLlkD,"RT @ocoqikazamud20: #SDLive Verified services. Get 10,000 Followers on Twitter for $39, cheap &amp; safe. at https://t.co/GiTZ9cbmqv https://t.‚Ä¶",RT @miakhalifa: Saturdays... https://t.co/gvehHCIqEk,@MauWrob looks just sooooo fine in Cary Santiago üíì KEEP STUNNING OUR QUEEN! #FashionCanServe2017 https://t.co/vmImu1nF5g,Shortest Literary Masterpiece. https://t.co/wR6ugeFSJ1,RT @nicolerhapsody: Do youuuu believeeee in lean after loveeee https://t.co/xVgwaVVeSs,"RT @GoddessAlexa20: I consume your every thought.

Open that wallet, I'm on Skype
$50/10min

IWC- https://t.co/ku3w8zsE1s
NF-‚Ä¶ ",RT @KeralaVijayFC: #Mersal Fans Show Tickets Booking Started at KC Carnival Perinthalmanna !! https://t.co/Yz7wK2ovo7,"@Radio2000ZA  Absolutely,yes! It's quite simple,you can just feel it in your https://t.co/m0ewzkTph3 follow...?",RT @SadhguruJV: Draft policy recommendation presented to Prime Minister @narendramodi. -Sg #RallyForRivers https://t.co/Pqr8egaj0k,"Iron will ‚Äì warrior skill
And how far away they fought
Set us free ‚Äì destiny
For the blood of heroes bought https://t.co/h6t6eOFT2e",RT @TheBarberPost: üíàRT if you know this guy! #Memories üôå https://t.co/K9OjdNDpfs,"The sizes make 0 sense in this game. A pidgeot that's 2.6 inches and 1/5 of a pound. Then again, niantic said they‚Ä¶ https://t.co/OI06zHNFkm",2 sit ups. That's good for a couple of months. üçï https://t.co/XgD341skOr,"OMG! You have to see this. #BIGOLIVE &gt; #dj  .  
https://t.co/ZwpVeBXLaz https://t.co/fALguSlSp4","TIME: Santa Claus may have just been found 3,700 miles from the North Pole https://t.co/SqMe0RDtDW https://t.co/2BoflibjNg",RT @MerseyEntHub: Red tape checklist: What your small business needs to know https://t.co/Ajecc25lom  via @startupstowers,RT @lwtyleshome: HE GRABBED THE BOA OFF THEIR NECK . I'M SCREAMING https://t.co/nudf4iSnm3,"RT @lovegroup13: 15 Controversies Melania Trump Wouldn't Mind Forgetting, #9 Will Drive You Nuts
This is hot!
https://t.co/pGhryXnqSf",Finally I-army can watch this https://t.co/sjArNzHBlc,"RT @seanflanery: No... violent words, like violent actions, both have a time and a place. https://t.co/x2zuq2suYH",RT @Fizzygrrl: @youcaring Or an actual URL to the Fizzy Family Relocation Fund thing might help. &gt;_&gt; https://t.co/3XirCzsAtP,"hrw: RT KooyJan: Chechnya‚Äôs long arm of retaliation against gay men.
Chilling dispatch DittrichBoris, who spoke wi‚Ä¶ https://t.co/3aidxU8Dgl",#NowPlaying Mary Mary - God In Me (feat. Kierra Kiki Sheard) :: Tune In: https://t.co/srt7CxXKlf,"RT @patsheridan1958: Rising of the moon over Ardcavan , Wexford. https://t.co/KEBFZj5Adm",Instead of doing thr right thing i e separating state from religion- Politicians loves to mix them both only to pla‚Ä¶ https://t.co/0LjUTeO375,me too hun https://t.co/OO6JnwOgIp,Kevin Lee Comments on Last Minute UFC 216 Weight Loss: ‚ÄúNobody Gonna Stop Me‚Äù https://t.co/JA9xp4mt9a,"Phetchabun Tour

We are Wat Phra That Pha sorn kaew. It's the most famous and beautiful temple in Phetchabun provin‚Ä¶ https://t.co/KMGIKXCbcD",Check out Elephants Make Me Happy! Available for the next 4 days via @Teespring: https://t.co/wq0rdlfoRm,"RT @thinking_man02: Our beloved Obama!
https://t.co/u58jMRA7TQ","RT @jmoftIana: wow, i love it https://t.co/RbfeZA7CLw",This is how my journey with orangutans started 9 years a go in‚Ä¶ https://t.co/RELgYM214A,RT @Tinu_Kuye: Am I using ur vagina ? https://t.co/GwYiTDcY98,Dashboard https://t.co/RyW0EUYNTw,"I have entered to win PUPPET MASTER 3: TOULON'S REVENGE on DVD over at:

https://t.co/CroVAvOmAS https://t.co/FtyQ3zQNl3",RT @himchansass: you can see him looking into the eyes of each fan and thanking them genuinely im ))): so precious https://t.co/EeLhRgpfNA,RT @nojumper: We need to get Obama some Gucci belts and a lil pump feature STAT https://t.co/7o2XOSXAGR,"RT @Mannebiy: Voten por BTS

- https://t.co/9iq5bUDMPw
- https://t.co/VlI4mXa9ON",2Pair Car Safe Anti Static Reflective Stri... https://t.co/Qak2CBy4Dn https://t.co/ZFey6R3Ui1,Love reading this. https://t.co/OakS23cYRl,"RT @_viibbeess: him: so tell me about yourself?

me: https://t.co/XDJHRWTaXT","Found a Transponder Snail!
A behind-the-scenes look at Galley-La Shipyard!
https://t.co/O9aMERyrA3 #TreCru https://t.co/AyghtqjEoK",RT @HappysMagicStuf: @AAskelson And the world is a brighter place because of you https://t.co/8sywIgFlbr,"RT @kiran_patniak: 'Blame the state if I die': Writer Kancha Ilaiah comes out of self-imposed house arrest!!
https://t.co/OPF49Ojrdd",RT @BarstoolBigCat: The ambulance waiting for JJ Watt was straight out of Monday Night RAW's playbook https://t.co/odflvr5OGs,Jordan 10 X OVO Size 8.5 https://t.co/LdM6Op7J1Y,RT @iamcardib: I like when Babestar calls me Bitch üòàIt turns me on üòúüòùüòã https://t.co/tGCqHiYDs9,Smh u trippin üò∑üî´ https://t.co/yKt8MS4OIZ,FucküòÇ https://t.co/DO3bSueYTh,5 Drawer Dresser Chest Bedroom Storage Wood Tall Organizer Cabinet Rustic Wooden https://t.co/dKO04hUI42,this is fucking good https://t.co/LgBBXee2Nb,RT @TroyTrojansWBB: Come on out on Tuesday for Trojan Madness. 6pm at Trojan Arena. #OneTROY https://t.co/CMg5oJIFWW,"He's so handsome, I want to cry at his beauty

We always talk about the other guys being good-looking but LIAM IS I‚Ä¶ https://t.co/k31qidS11m",RT @LaliceThailand: üíú [PRESS] 170930 #BLACKPINK - Fever Festival #LISA #JENNIE #JISOO #ROS√â https://t.co/0FTXCp6sIA,It's üëèüèº game üëèüèº day üëèüèº ladies üëèüèº https://t.co/TTLveLRlB8,How many followers do you get weekly? 11 awesome new followers for me! Grow with https://t.co/QGxUccR9I2,Learning happens everywhere! #FieldTripsAreTheBest @logcabinvillage https://t.co/ppRVdZOa5B,RT @ShaunCoffey: The Crawford Fund | News: What happens when we remain silent? January 2015 https://t.co/nZ6Z3Jo9Dw,"SpongeBob's Boating Bash (Nintendo DS, 2010) on eBay: https://t.co/pcGEYv5qzA #spongebob #nintendo #nintendods https://t.co/MjOQ7mGmGT","RT @behindwoods: Massive : Mersal is the third Indian film to achieve this

https://t.co/f5HvUVjKqH",RT @tcollinsauthor: Horses: a Scythian‚Äôs best friend - https://t.co/6QvRb9TLii,RT @Xentagz: btc1 just merged the ability for segwit2x to disguise itself to not get banned by 0.15 nodes https://t.co/1IlqF8NxYq,"RT @SteffieAdie: 24 color matte eye-shadow, BH cosmetics eye shadow palette, not your regular eye-shadow. https://t.co/5rIFHTXsKQ",#ECHELON NOW we have a new task VOTE @30SECONDSTOMARS to the @mtvema https://t.co/KSw9zyeSkN,For My World https://t.co/smYHFW0ii3 @ritchie0403 https://t.co/WVLfCLNzoF,RT @awloveyoulouis: CAN YOU BELIEVE LOUIS TOMLINSON IS SMALL ENOUGH TO HIDE BEHIND HARRY STYLES https://t.co/mMYDbBxS7M,"CHEER CHATS! 
This month we have Power speaking on the mental toughness in our #sport! Oct. 20th in Cambridge!‚Ä¶ https://t.co/zBZ81e3fJK",Ex-GCHQ boss Brian Lord admits Truth or Dare assault https://t.co/A7GbyWSXlL,Comparing the Toyota Production System and Lean: Pondering a decades-long confusion I recently posted a version of‚Ä¶ https://t.co/EEBTZImjJi,"RT @SiluvaM: Its a dream for Ajith Movie 

üî•üî•üî•

#mersal https://t.co/n2EbWpe9gl","Join now: 

https://t.co/sWpAsR1lNA
$AMS $SCRT $SCOT $CLUB $VOX $MND $EMC $FCT $MAID  11205867654",God pls help your beloved childrenüôèüèæ https://t.co/3PgkcEcy0F,Oubaai's 'Golf Package With A Difference' offers golf groups an exciting 5 nights stay from as little as R 10 615... https://t.co/UCswrtbi9N,At @solograndmall1 [pic] ‚Äî https://t.co/z1r1mxdHad,Really love this! A superhero horror movie. #NewMutants https://t.co/kCdXhcu6B9,RT @yerintbhs: YERIN‚ÄôS HAIR OH MY GOD SHE STILL LOOKS BEAUTIFUL https://t.co/iDOxbZeyz3,RT @_Osmxn: Me too https://t.co/lFdyxqxRSK,"Secret Service paid Mar-a-Lago at least $63,000, documents show https://t.co/VoC6042uAG",‚ÄúOne Year Designing at WhatsApp‚Äù by @charliedeets https://t.co/RXs6aH2FOs,2 tweeps unfollowed (goodbye!) me in the past day. Thank you https://t.co/7rulC6SnPJ.,"Found a Transponder Snail!
A behind-the-scenes look at Galley-La Shipyard!
https://t.co/pGF8N1Kd8U #TreCru https://t.co/aFHvNe9Imh",RT @PawFeather: No option to tickle Ryona's foot?  Awe... https://t.co/8g0GZbhGNv,RT @HornyGlF: This got me dying!!! LMFAO üòÇüòÇüòÇ https://t.co/HYjBwycfQw,"I met Helen May Williams,,,best Welsh poet writing in English. Fascinating deep poems on early spiritual practice.https://t.co/9yV7Ob0lOy",me after actually getting to know someone i only liked bc i couldn‚Äôt figure them out at first: https://t.co/vlNOG8JOeU,"Join us in person and online for our midweek service, Children &amp; Youth Services for All Ages

1170 W Ramsey St |‚Ä¶ https://t.co/qtGbBprfrx","RT @KISSOnline: #KISS: 1977-1980 Hardcover ‚Äì by Lynn Goldsmith - release date out Oct 10, 2017. Full details at‚Ä¶ ",We're #hiring! Click to apply: Retail Wireless Sales Consultant - https://t.co/rG3dvC7t1J #jobintech #STEM #iot #Retail #wireless #Sales,"Need a local HR company, look no further https://t.co/fUZaE2hwE8 ‚Ä¶ @HRRevolutionltd passionate CIPD HR experts‚Ä¶ https://t.co/EThnmlfwqF",All the flavor from the hard cider makes this @PerdueChicken salad hard to say no to! #Promotion #PerdueCrew -‚Ä¶ https://t.co/4rvq4DEK3e,RT A lavish six-course mystery dinner returns to NYC at a surprisingly affordable price: https://t.co/97OPlY0hGU TimeOutNewYork #nyc #ny,"Tax Professional - CPA, Enrolled Agent or Attorney - Remote - #Nashville , TN (https://t.co/rTb520aStK) Get Tax Jobs",RT @beautfilms: Reunited https://t.co/80eKRQBgMJ,RT @PRETTYyellow___: GR remix... https://t.co/sbFxPn2wAU,How to pick a great Enterprise Design Sprint topic - Recharted Territory https://t.co/uiQHzjn9CN #EnterpriseDesignSprints,RT @sunlesbian: graphic design is my passion https://t.co/C4LCOMudhJ,RT @HerCampusAuburn: Best Coffee Shops in Auburn | Her Campus ‚òïÔ∏è https://t.co/1w95cGobOP,RT @OnlyTheDimes: üòªüòªüòª BLESSED üò≥üò≥üò≥ https://t.co/qunt7IniK6,"Y‚Äôall are always welcomed at my place, all of you. üòà https://t.co/r8FEyaYBQg",RT @SPACEdotcom: Best Space Books for Kids https://t.co/MV3NYyUDRb https://t.co/6IDsjeD0A6,"RT @embryonicgrip: you can be alice, i'll be the mad hatter https://t.co/t1YkHLvXhx",A real date alone would be nice https://t.co/XyeTn1rQNM,RT @raspberryhazel: Our table at y-con! Come by and say hi! https://t.co/iLNMnMebDt,I want a pet squirrel top :( https://t.co/uE6icpQcnt,HS #Football Wrap: Rancocas Valley edges Lenape in key WJFL clash https://t.co/WHih1nH2VO #Entertainment,RT @janyssadelgado_: @X_NIBIRU he looks exactly like you https://t.co/iY3Lq2G7aR,RT @TKbreezy: Message about commentary. https://t.co/blH2iKHPYE,"Mobile ads drive you mad? Click here to download Adblock Mobile!
@adblockmobile #nomoreads https://t.co/PNdnJoZRkC",We derive a new bound on diphoton resonances using inclusive diphoton cross section measurements at the... https://t.co/ev62eAHUSD #physics,"RT @ActionComplete: Don't let your doubts sabotage your actions. 

#inspiration #attitude #quotes https://t.co/3TyFGwsdyp",90s babies get first tickets https://t.co/iCGmxY29Qo,RT @BusinessDayNg: Akeredolu sets to make Ondo number one investment destination https://t.co/fKi60JE1ag https://t.co/TlUSsgJ46p,RT @byulmoonie: wait um are these two separate people or the same person duplicated https://t.co/fKJfeZU7bw,Had fun with squad https://t.co/zL7wxIqoYH,"RT @neettokyo: coming soon...

DOGMA * SEEDA

#„Éã„Éº„ÉàÊù±‰∫¨
#hiphop
#rap
#9sari-group https://t.co/SLvYCNgDt4",Travel Guys with Mark Hoffman https://t.co/g3oel2g6u4,"RT @URGENTPODR: JUST ADDED! GINA - 8902 
Follow me here for updates and status: https://t.co/iB928X2LqK https://t.co/m1eqOW79Ca","#1: Clip On Guitar Tuner For All Instruments, Ukulele, Guitar, Bass, Mandolin, Violin, Banjo‚Ä¶ https://t.co/Of3lJ7wXaU #Instrument #Musical",If they burn the flag I agree. Whole team should kneel. https://t.co/7pzicM55cx,@tommylang1630 When Mother goes to the hairdresser does she say ‚ÄúGive me the Cowsill‚Äù? https://t.co/qVgOLthw9q,"RT @sugarbowld: Jinyoung tickling Jaebum is my religion, praise be üëâ https://t.co/1Cei6JoTKQ",RT @citadel_outlets: Sippin' wine &amp; feelin' fine üòå who can relate? #PinkDrink #FeelingGood https://t.co/aQ3kLUjDUA,RT @GeeWayBestWay: Me listening Danger Days album vs. Me listening The Black Parade album https://t.co/SqqQBMbUOV,when you have lenient parents that are never really home and you want to take advantage of that but only have 2 fri‚Ä¶ https://t.co/upSZhbnOMF,"RT @havanasjoel: Rt for the high note 
#EMABiggestFansTaylorSwift https://t.co/bgI0XF1Ren",RT @inami_onaznam: Walked in with the gang ü§ßüò¥ https://t.co/n1TpQBffvR,"RT @MaiyaMurielle: A form of worshipping the person I‚Äôm doing it with, not a religious act. https://t.co/sBoLyMiQtL",as per fuckin usual https://t.co/BTwcQUFr0X,Check out my broadcast from my PlayStation 4! #PS4live (Destiny 2)  live at https://t.co/WxsCU04hD9,Criminals stole millions from E. Europe banks with ATM ‚Äúoverdraft‚Äù hack https://t.co/ZvR8AALdTX,"RT @margaretlowry: Hello, good morning, please read this thread and don't forget to believe survivors :) https://t.co/LITIGzzrW4",RT @MeninistSports: how can anyone hate Westbrook https://t.co/2KeHIue2h1,RT @WarRoomShow: WATCH: Vegas Sacrifices Weinstein To Cover For Pedophilia - https://t.co/qVFRym95XS #WarRoom LIVE M-F 3pm-6pm #MondayMotiv‚Ä¶,"RT @Justo_Kella: 11 days and counting on less.... 

Revolution of #KingsOfTurntables is one to look out for! https://t.co/A2MqMef6Ge",RT @taylorndean: The mitochondria is the powerhouse of the cell https://t.co/pzjUri8k3l,RT @sasisivabot: Today started Philatelic exhibition@Covai govt Museum..... https://t.co/YlKS4ATkTJ,"RT @CutPics: Meanwhile in Portland, Oregon. https://t.co/3GNnsTtOLi","RT @HinaShahAli: all RT DrAyeshaFanClub: What you just wrote shows you are not PMLN supporter 
#ÿ®ÿ®ŸÑŸà_ÿßÿ¥ÿ™€Åÿßÿ±€å_€ÅŸà⁄Ø€åÿß https://t.co/ndPyo0113V","Good man @ARizzo44. The @Cubs &amp; fans R lucky &amp; proud as hell 2 have u. 
The ones truly blessed r the kids touched b‚Ä¶ https://t.co/OF4MHeXieY",2.27 carat total Semi-mount Round DIAMOND Engagement Wedding 14k Gold Ring https://t.co/TfRxOfkjIT,RT @overtime: Stone Carter got HANDS üò≥ https://t.co/x3dmbSTSzp,"We do not know where the threshold is, but we do know we are pushing the boundaries of a stable and resilient... https://t.co/2MBgUDLaQ1",@jamesoxby @steveforman72 @ForBritainParty @kmkaznay26 @Brexit59 @BrexitLondon @AMDWaters @JwBon @_HenryBolton‚Ä¶ https://t.co/ejbojYvLgD,RT @EraseSoul: 16 ways to keep her https://t.co/NuKkrIKkvm,Michigan's 35 most expensive private schools #Detroit https://t.co/0tZ3NlTJBG,RT @ecr9495: WATCH: Timelapse of #DurbanStorm approaching north of #Durban - https://t.co/Y0nLlEP6zy https://t.co/ZMhLK1r3ns,"RT @TheGreysHumor: ""when your legs don't work like they used to before"" - Ed Sheeran (2014) https://t.co/GTzU86yi9h",#jobs4u #jobs Parts Pro https://t.co/1dAHgdnO3V #OKC #okcity #OK,RT @mianderings: okay i'm gonna do it but anticipate odd questions all right https://t.co/xlJLLz61VQ,"RT @seckzi_10: can‚Äôt get enough of your gf‚Äôs scent @aldenrichards02 ? üòèüòÇüíõ

#ALDUBMuchStronger https://t.co/abNEGBIq9H","RT @BruhReport: ""my eyes about to be like Michael Jordan's"" lmaoooo https://t.co/LnmSA14Ba0",6 Tips for First-Time Life #Insurance Buyers https://t.co/5eBo8H7aCE https://t.co/ePsXQSbzNA,RT @woolbythesea: All our Australian Merino Wool Arm Knit Blankets are 10% off for our #fallsale https://t.co/PkRhVsuZNR #homedecor‚Ä¶ ,"RT @ABC7: Marine saves life of young woman from La Verne he didn't know during #LasVagasShooting
https://t.co/zIJl7X1o6D https://t.co/jwq4k‚Ä¶","#TENDER ALERT: 
Appointment of a travel management company to provide travel management services...https://t.co/IDeltDPPGe #GraceMugabe","RT @DheerajDhoopar: The wiser a man is, the less talkative will he be.

#WednesdayWisdom https://t.co/mb5qc8wVbj",True shit right here!! üòÇüòÇ https://t.co/qhHnmBNvIE,RT @prosenjitbumba: Wish u a rocking bday @paoli_d loads of love..God bless https://t.co/WGVHPTY3Vo,RT @ChuckyIsReal: But first let me take a selfie #ChuckyTakesNYCC @SIRIUSXM https://t.co/hQ6BCWgY5g,Show me some love from behind! #AssWednesday üòçüçë https://t.co/VAAlnjQyQd,but just right by got7 on itunes https://t.co/hJ603ehkCv,#imsyserhealth sharing: 5 Subtle Signs You're Emotionally Intelligent https://t.co/KmzlczzOCc,"RT @BronxPinstripes: The @DidiG18 HR that changed the night!! 

‚öîÔ∏è‚öîÔ∏è‚öîÔ∏è‚öîÔ∏è‚öîÔ∏è‚öîÔ∏è‚öîÔ∏è‚öîÔ∏è‚öîÔ∏è https://t.co/qnIXYPiKXT",Or he a fuckboy but you the one w his kid lol https://t.co/KxiIPtxQVb,[Serangoon] Forretress (M)  until 02:34:12PM at 73 Kensington Park Rd https://t.co/Zsvj2MSkFY https://t.co/LsEo0nCtp8,"The irony of Governor Cuomo's argument aside, NYS has long been subsidizing federal excess. Congress wants it both‚Ä¶ https://t.co/JFKpKLK9Cg",Young Anime Teenie Swallows Cum In Her Mouth https://t.co/kyZ3hGfYOW,"#OpChemtrails #AwarenessStorm ON NOW!!!!
Pastebin * https://t.co/Z4jkWHkHSD
https://t.co/J8YcqPxaK3
#geoengineering","You can't just tweet 40 seconds of this, new jacks are not gonna get the full impact https://t.co/Fxq4aaiYze","Oct 06 Game Score: Bantam A - 4, Northumberland Nighthawks - 0 https://t.co/yiuP8mgPeZ",RT @BLVCKMATTERS: SPEAK UP SIS üó£ https://t.co/mlrE3gtZ14,@lola_epp WRONG https://t.co/zOXNQQ73WF,Just a few of tonight's  Latte Art Throwdown. at The Kookaburra SO much fun to watch! Will add more ASAP. https://t.co/ZXGMUzljVk,"We got you, fam: https://t.co/Gd9ivdNCsT https://t.co/1oiboFUxzY",why is dua so endearing when she's blowing kisses? https://t.co/vRAPW91pw9,"RT @thehill: Bloomberg offers to ""match every donation"" to fight gun violence https://t.co/VSPs7pCPF5 https://t.co/wi2ypOGSIV","RT @Dan_and_Nite: https://t.co/pAcRJurqWp

Me and @NingGeeZ are eastern dragons and as such we do eastern dragon things-a-malings https://t‚Ä¶",RT @BroLogics: My man going to put an end to racism https://t.co/ZQeyy5P1xq,Under the sea üê¢üê≥üêãüê¨üêüüê†ü¶àüêôü¶êü¶ë! #NationalGeographic #NatGeoEncounter #OceanOdessey #Cityfun‚Ä¶ https://t.co/UtiWgqt3ar,Earned 4 PSN trophies (1 platinum and 3 bronze) in 3 games - https://t.co/UmzQSQnOl2,I WILLL PULL ANYTIME ANYWHERE $5 A COPY https://t.co/F0STdfomLm,RT @loganstrokes69: I need this done https://t.co/xLmPUc2MoO,Y‚Äôall!!!!!!!! @TheHoodGotPHE PlatinumBeautee @iRemyGotSwag @Slick_Nay üíÄüíÄ https://t.co/jowKoUHqJU,"RT @BEFlTMOTlVATION: If my man got me this üò≠üòç‚ù§Ô∏è

*Drops hint https://t.co/a8gjcli8uc https://t.co/mzsV298cEX","Someone created a Wikipedia article about ""DNA spiking"". Help expand it! #MolecularandCellularBiology https://t.co/t1O7w7lD7l","RT @ShopAcaciaLily: If my mans got me one with a engraving &amp; his birthstone, I would never take it off.üòç

shop now:‚Ä¶ ",RT @oraltwjnk: Not to be dramatic but this is the prettiest picture I‚Äôve ever seen in my life https://t.co/4E58tEhPE0,RT @F1: üí® Everyone's on slicks for #FP3 #JapaneseGP üáØüáµ #F1 https://t.co/3AY8eFCQqn,Also. https://t.co/4AzeR1QgrU,"RT @byrdinator: quick, look over here at this culture war while the GOP rips itself apart https://t.co/G5RwmTfllY",".@SecretaryZinke is just like his boss! Thinks employees should be loyal to him, not America. üá∫üá∏ #FireZinke #TW https://t.co/puAlc6UIsB",RT @_ifazo: WIPING THESE NIGGAS NOSE ü§ß #KingOfDiamondsShow @MoneycureDaDJ https://t.co/K8svRQtain,"RT @Patriotic_Va: THANK YOU VP PENCE!!
Standing up for our flag! 
#Stand4TheFlag #AmericaFirst #MAGA #BoycottNFL
https://t.co/VIa3lZQ0xY vi‚Ä¶","RT @JoyAnnReid: Oh, and Donald Trump wants to be worshipped like a golden calf... https://t.co/d9eXq2rXcE",RT @sierra_woods02: üëèüèªsoüëèüèªhypedüëèüèªforüëèüèªriverdaleüëèüèªseasonüëèüèª2üëèüèªüëèüèªüëèüèªüëèüèª https://t.co/f9Ojk8X5iz,RT @portalduaIipa: Leeds - UK. @DUALIPA #TheSelfTitledTour https://t.co/XdcLexLmLt,RT @cavs: üö¶Green means GO. https://t.co/bEbiYeaeRV,RT @stfuslutx: 14. ) my friend had a fake baby for school and they made THIS LMFAO  https://t.co/91IOEfVaGO,Get a RARE Mystery Seed! https://t.co/NS6YBTEkXB,We have a variety of different flags &amp; yard art that will go in just about everyone yard or garden.  Stop in &amp; see‚Ä¶ https://t.co/9wrj8krcgA,RT @AnimeAjay: Naoki Tate's absolutely monstrous scene in the Dragon Ball Super special. https://t.co/lZq732xTyE,@ShannonSharpe brahhh you setting the bar high with the XO https://t.co/Zg3by17BAt,easily better than the real thing  https://t.co/yse1d1j82q,Download Now: https://t.co/zpzKpBrOqJ,See How You Can Burn Belly Fat And A Get Flat Tommy Or Even Six Packs - https://t.co/jEPr4Be3r9 https://t.co/rk8wsSsRWk,RT @Joe_Roslie: My boy @_Ambition ü§îü§òüèª‚òùüèª https://t.co/f9FY8XxY8e,can't argue with the truth! @edesobe https://t.co/rBdYP1rVln,"RT @Avalanche: ‚ÄúThis is what we‚Äôve always dreamed about.‚Äù

#GoEaglesGo #GoAvsGo https://t.co/zqYCA8LsE8",Trump Threatens NBC‚Äôs TV Licenses After Report That He Wanted More Nukes via /r/news https://t.co/H4Zh3M2aVt,"#Writing postoftheday! RT @WritersDigest ""Switching Genres: How One Author Went from YA to Adult""‚Ä¶ https://t.co/jO5rS4zbsj",SD-WAN Questions Linger for CSPs https://t.co/8EAdx8iPyg,I entered @PestDefense #HomeTeamHalloween #contest for a chance to win a $500 Amazon¬Æ gift card! Rules &amp; entry: https://t.co/FTtUy2o85p,We the people at some point will take action https://t.co/SUMg0X7ehj,"Abubaker Assiddiq [R.A]: ""Oh Allah! You know me better than I know myself, and I know myself better than these... https://t.co/T28aT5FC9V","RT @duckhymne: Girl!EXO
#kimbros
[Do Not Repost üö´]

https://t.co/z75vMQmgMu https://t.co/Q8Z9eu42NQ",RT @Andy: Incredible https://t.co/epw5G38RPp,@realJakeBailey @DonaldJTrumpJr Please translate hog for me. https://t.co/H8i2lpyuRt,RT @girlhoodposts: *crying in poor*  https://t.co/YcB6vsDgn9,RT @kipmurkomen: Breaking News. 26/10/2017 is ON! https://t.co/X86gNyuNb7,"RT @ExpIorecities: Queensland, Australia üá¶üá∫ https://t.co/vfQA2DnOZ7",RT @FullArtIntel: NVIDIA introduces a computer for fully autonomous cars https://t.co/ZW82ZqoWlT via @engadget,"RT @PalmerReport: Donald Trump boots John Kelly off Air Force One, amid talk of his impending resignation https://t.co/MEUQ9FRgLZ","RT @JonsandmanTv: IS THIS THE END OF THE WHITE ZOMBA ""DEAL OR DEAL"" BLIND TRADING SERIES!?: https://t.co/UhNn8lgw2F via @YouTube","RT @BleacherReport: Maya Moore, cold-blooded. #WNBAFinals https://t.co/Q7LresdjYt","2ND AND LAST BATCH LOADING....

Dear Cake Decorator,

Over time, I have come to realize that we sometimes have... https://t.co/KOFCFFzFFz",RT @em_dunc: Y'all clearly never had cashew milk smh https://t.co/hIgS2aDhIj,RT @McLeodTho: You‚Äôre an inspiration. Thank you. https://t.co/YvUF2wU6vj,*7 words https://t.co/aPPrgIRFID,RT @averyred12: thanks @MarissaFarnkoff for making my dream of meeting ben from the bachelor come true!!!!! https://t.co/YrbsSLBq5i,"RT @Bvddiej_: Im not a bby now, Bitch I'm üîûNow üíã https://t.co/PBb2066Xb5",[ÏßÅÏ∫†ÏòÅÏÉÅ] 170924 BTS Rehearsal for SBS Inkigayo Super Concert in Daejeon (Photo + Fancam) https://t.co/ES6suXojR8,"RT @he_yaro: #PlayInspire #‡§ú‡•à‡§®‡§ß‡§∞‡•ç‡§Æ_VS_‡§∏‡§Ç‡§§‡§∞‡§æ‡§Æ‡§™‡§æ‡§≤‡§ú‡•Ä
Mahavir swami is also in the cycle of birth and death.
https://t.co/9PXiY3kGSt https://t.‚Ä¶",RT @kat_daddyyy: Maybe I‚Äôm just old school but like what the heck r u doing? I‚Äôm breaking out just looking at this https://t.co/LWmqI2OBkv,one person followed me // automatically checked by https://t.co/2ghFvB5UZo,Google dropped the Pixel‚Äôs headphone jack to lay the groundwork for a bezel-free¬†phone https://t.co/AyxSRGiKnk https://t.co/tKxCzFAS6M,I see it everyday my boy ü§¶üèæ‚Äç‚ôÇÔ∏è https://t.co/TgGC309Dw4,"RT @Patriots: Touchdown in Tampa. 

Photos from the #Patriots first trip on #AirKraft: https://t.co/ywB6gsVUc9 https://t.co/G2rSbA2d3l",Gingrich: Banning rapid fire gun modification is 'common sense' - The Hill https://t.co/zjDdr8Fj0I,RT @MayyasPasha: Airbnb and WeWork team up to find desks for business travelers https://t.co/HpMRuFoZfp #Tech #Technology,RT @londonmyea: he so handsomeüòçüòçüòçüòçüòçüòçüòçüò© https://t.co/6FtZH3G3ou,RT @NEDPCalliance: The latest New England Direct Primary Care Alliance Daily! https://t.co/8GcqFK14Pp Thanks to @CoupetQClinic @WilliamFryL‚Ä¶,MENS #Nike XL EXTRA LARGE GRAY GOLF SHIRT STAY WARM FREE SHIP RETAILS $55 @ebay #F4F #likeforfollow https://t.co/E0W94pd5PA,Just posted a photo https://t.co/AcyhUKa7Hg,RT @aoasuni: DAPO TUBURNA - AFRICAN LADY (OFFICIAL VIDEO) https://t.co/VUjR5JaRpi  @DapoTuburna Afrobeats Heaven!!,This!! https://t.co/XXxNVe1bAo,RT @ABC: Stunning timelapse video shows harvest moon rising over a lighthouse. https://t.co/Y2i9iH4owy https://t.co/jWHUJ7erfc,RT @CharmedType: Charmed to meet you. üòÄ #amwriting https://t.co/kIG8mbB2QI,Dude picks up and bangs busty Milf https://t.co/QoW1xGb0YR,[PLAYLIST] (Good?) Bye https://t.co/AA8wWSNCpV,RT @kdramaaigoo: WHICH ONE IS YOUR FAVOURITE? üòª #WhileYouWereSleeping https://t.co/EKiCNOs4EG,"Check out this addictive word game! Hundreds of levels await you! Download now! #wordblocks
https://t.co/8zDpSRI3a4 https://t.co/w0lgU5v8td",some demons singing karaoke https://t.co/BjGlVRWHZw,Check out the #Team11 highlights between @McEachernFtball and @NorthCobbHSF: https://t.co/pq2FmyI9R1,RT @FailSign: Chicken EDM https://t.co/gGEOOLE6hE,RT @PJEFE1: Check it out .... it's lit https://t.co/OOXPtVpYXI https://t.co/Y9kBIInAtZ,Me when Big Boss died https://t.co/dnrHbZm07h,Frank Abagnale - FedTalks 2013 https://t.co/xRckPa9kk3 via @YouTube,"RT @JYPETWICE_JAPAN: TWICE SEASON'S GREETINGS 2018 ""TWISTAR""
PRE-ORDER
10.02(mon) 12:00~10.16(mon) 23:59

&lt;Regular&gt;‚Ä¶ ",RT @9ayphoto: LIKE OR RETWEET https://t.co/dsAWNB36VC,RT @DSARapist: is your friend female https://t.co/iU36GisHXQ,WoW! Why?  ...$$$ https://t.co/ncKFiShil4,RT @onlythefarrow: should i sign or stay independent? https://t.co/MC8RzspBWj,@costiganjr13 @Gunthusiast 6 times within 30 min... https://t.co/Qj7LDF4CJJ,[FF-oneshot] REGRET : https://t.co/9ji8DWvIe0 #vixx #ken #n,"Something my husband said to me today and I'm just now tweeting it: ""Shouldn't you say 'yes sir' to me?"" https://t.co/TWyQ8GuMAB",RT @girlgroupzone: [PICS] 171009 Davichi Comeback Teaser Image https://t.co/GD0pXaD4It,Burj Khalifa yesterday üá™üá¨ https://t.co/745vMnKb3z,RT @seunghuynie: I legit thought he was wearing a t shirt for a whole two seconds https://t.co/BFj2cRDo1E,RT @kimsulky: The most iconic walking gifs in the history of sunggyu walking gifs  https://t.co/oNR4lPCibK,RT @TatttooArt: This is sexy https://t.co/UdiC7uEFZU,bittersweet https://t.co/WHlifEGpy8,"RT @beauteousjimin: jimin's first selca

and

his latest selca

he is growing a lot (ToT)

#HappyJiminDay https://t.co/kU4uCe3b2V",RT @flipperbrain: The darkness is irresistible. Grrr. üòà #oncers #hookers #CaptainSwan #OnceUponATime https://t.co/MKrvgLFFei,#Supernatural Sam Winchester is also a HERO!! https://t.co/rFToFX7lU9,"@upgradecsgo I got scammed by a fake bot of your site, pls don't let other people lose items too. WARN THEM!
https://t.co/98MPY9WMS1",RT @movietvtechgeek: Latest:  Andrew Garfield Talks ‚ÄòBreathe‚Äô and Shares a Great Story About Auditioning‚Ä¶ https://t.co/KL5slH0lhj‚Ä¶ ,"RT @HappytimesBB: [171013] Music Bank üçé
#Mark #ÎßàÌÅ¨ #GOT7 #Í∞ìÏÑ∏Î∏ê https://t.co/OgO45kUGNR","Ugh normani even falls perfect, never have I seen such a flawless fall https://t.co/Zx1iizUnTi",I liked a @YouTube video https://t.co/psCiEHxIYo Is This Thing A Sex Toy?,RT @plies: ü§£ü§£ü§£ü§£ Ain't Nothing Wrong With No Cutlass I Actually Love Cutlassesüòç U Just Gotta Rebuild Dat Motor Doe ü§£ https://t.co/lBLMs7enne,RT @leetr2: Huntingdon Football bon fire.  Keep the wins coming!  Bearcat Pride! https://t.co/lVH7vEZwgf,Loved. The descriptions of everything are everything...‚ù§Ô∏èüòÇthank you ladies for sharing your States of rage- I'm so‚Ä¶ https://t.co/eojw55Y2sk,Shaw Communications Inc $SJR.B Downgraded by Scotiabank to Sector Perform https://t.co/zFZfSWQ1n3,RT @Trump45Michael: Going to Hollywood HollyHock movies and Voting Democrap is Supporting people like these... https://t.co/LvxP37JQFP,"RT @two__stars: #Î±ÄÎ±Ä #BamBam #Í∞ìÏÑ∏Î∏ê #GOT7 #YouAre 20171013 so cold today‚Ä¶‚Ä¶‚Ä¶
üêçüêç@BamBam1A https://t.co/hmuLTgvhFL","I entered a giveaway for a chance to win ""Umbrella Windproof 10 Ribs Large Travel Umbrellas..."" by Feagar. https://t.co/vYym0KeQIk #giveaway","RT @IamTee_07: These two are life
@IamEJF 
#KRPKAB https://t.co/5Oo5ZuVXHZ",I'm in the running to win a Nighthawk T4 Pistol thanks to @GunWinner #GunGiveaway https://t.co/EvL34c7VfP,RT @supremears: 10 MINUTES #7for7YOUNGJAE https://t.co/HDY7TVBlp3,This makes sense. https://t.co/HpI7JSFTlF,RT @_kellyu: He asked me what day it was. https://t.co/ZTnWdUHiAp,RT @JulianAssange: Spanish police repeatedly bludgeon prone Catalan voter #CatalanReferendum #1o https://t.co/ppe2zaaToO,Maid Cleaning Services Hunters Creek Village TX https://t.co/Ta0jmyvSw5,"RT @attackccabello: 80 replies com a tag 

#CamilaCabello #HeyMa #KCAArgentina https://t.co/wyc3GnRj2n",RT @ambertamblyn: The languages of our time. https://t.co/8R7Z8y2epd,"#Giveaway
üéÅ300 Minecraft Alt Accounts [Non Full Access] üéÅ

To enter:
- Follow @freealtspw 
- RT &amp; Like

Ending on F‚Ä¶ https://t.co/jAT076dFFb",#Trendy #Fashion #GIVENCHY SKIRTS Knee length skirts Women on https://t.co/2i8PoORW7J was ¬£440.00 now ¬£374‚Ä¶ https://t.co/gOiEkYnb3p,"13"" Chinese Hongshan Culture Natural Stone Hand Carved Yu Jade Pig Dragon Statue https://t.co/nF70QFGVVY","Will I ever get better?
War is raging in my head
Don't know which side wants me dead

https://t.co/oeBNsMwWxX",Isn‚Äôt she always the first? ü§∑üèæ‚Äç‚ôÇÔ∏è https://t.co/oVfVDH6u3C,@crush9244 aaaaah baby crush i love you so much you don‚Äôt know how much i love you i really miss you since the 24/1‚Ä¶ https://t.co/GLgDNuDXvi,My Favorite little Pumpkins‚ù§Ô∏èüéÉ https://t.co/whp5sBs4sV,JSHDHDDBBD https://t.co/XRCAi5gtWa,just dropped some new stickers. Fresh in print! retweet for 2 free stickers (with order of 2+) -- make sure to DM m‚Ä¶ https://t.co/RQREBWKme1,imagine making a new account and the first thing you do is block me. wow obsession ¬†https://t.co/J8eeG65n8I,RT @ainesey__: Where you get this video of me https://t.co/MdXVZGLuBp,Top 10 Recipes here üç≤üç∑https://t.co/K0yNPNd9vq üç≤üç∑#eating #foodphoto #foodporn #recipes #love #today #cooking https://t.co/1USzdLlH39,@ColoradoGirl2A @DauntlessSly @TheMeemStreams @RightWingAngel @winegirl73 @BigLeague2020 @eissolomon11‚Ä¶ https://t.co/7MsL1btUHw,RT @usacsmret: Nancy Pelosi Thanks DACA Parents for Bringing Kids Here Illegally ‚Äî We ‚ÄúOwe‚Äù Them https://t.co/4VvLfJYBZ1,RT @MLB: Back at it. #NLDS https://t.co/HQlmkW2gtn,"https://t.co/4y8IcsVh7K Summer Arabic Language and Media Program Scholarship in USA, 2017 - 2018 https://t.co/WKq7s4wkRp",New video by ESPN: Russell Westbrook preaches patience on the Thunder building chemistry | ESPN https://t.co/7TNYnloKfY,thinking out loud https://t.co/r6P85yahG9,RT @Audi_Online: Green with envy right now? #AudiA7 #JavaGreen üì∑ @auditography https://t.co/9uEDVKQRaU,"RT @mymochi_chim: #BTS is on the list of Top Radio Disney Songs!
Go into the list and click ‚ù§ to request DNA!
‚û°Ô∏è‚Ä¶ ",RT @Russian_Starr: Your dad grabs women by the pussy. https://t.co/m7ULLxm3QM,"I need backup!Battle ID: 8B6DD7EA
Lvl 120 Macula Marius
https://t.co/jm1ELGHtXQ","OCTOBER 31, 2018 ED SHEERAN PERFORMING IN NEW ORLEANS. I‚ÄôM BOUTTA SCREAM/CRY. I‚ÄôM GOING IDFC. https://t.co/q35OKtPNab","RT @RoseEllenDix: üé• NEW VIDEO! TOUR LIFE PART 2!
‚ñ∂Ô∏è https://t.co/cxJYgQ0zQ7
üåà https://t.co/eobynw3yis https://t.co/h8VBfCVsBF","OMG! You have to see this. #BIGOLIVE &gt; COME BACK !.  
https://t.co/wcY1BTgVE6 https://t.co/4kqHrhjqAP",RT @YarmolukDan: New Hope For Humans in an #AI World https://t.co/8D9GYIFMgF #IoT #IIoT #ML #DL #InternetOfThings #ArtificialIntelligence #‚Ä¶,"RT @ReIatable: Friend : *points camera at me*

Me : omg nooo sto- https://t.co/XYIxwaEiMd","It‚Äôs a Laugh per-minute fiesta in ‚ÄúBandits‚Äù starring Joke Silva, Chigul, Funnyboe &amp;‚Ä¶ https://t.co/eyYNB71TiK https://t.co/UixpVFbI3o",Recruiting #Newham volunteers for our next Open Day! Register your interest now! @NCTNewham @NewhamHospital‚Ä¶ https://t.co/MEL0Tou4yB,RT @TSF_Com: BBC Sport - 'The heart of an athlete beats inside of me' - Brazilian grandmother Ivonette Balthazar https://t.co/WpUNZZgtTc,"RT @kubernauts: Kubernetes StatefulSets &amp; DaemonSets Updates https://t.co/wdCGAqQezG
#Kubernetes #CloudNative @kubernauts",LOL's! https://t.co/nF90BhCKaw,RT @rulerofwind_sh: A live for exo being proud of their maknae ‚ù§Ô∏è https://t.co/jFgV7RAq5e,You must to try it https://t.co/SepGUU3lSH https://t.co/7MJMVn4bxd,RT @qv_98: Stay with me always and for ever https://t.co/SP3fXIHvHV,Tube Packaging Market | Industry Analysis Report¬†2016-2023 https://t.co/qG8MDTsUbk,"Heya guys, @ChrisDuerr &amp; @KHQANico, senior night üèê at FMHS, undefeated conference record for @leigh_johnson16, hope‚Ä¶ https://t.co/xRxmRg3R8z","RT @AL7AFootball: MONDAY RECAP:
Hewitt-Trussville 52, Bob Jones 18 Final
Game recap
Video &amp; photos
Click below:‚Ä¶ ",RT @AndreaCoventry: Enter to #win a 6-in-1 #cooker from @lwwmontel  &amp; hosted by @DeliciouslySavv  Ends 10/26 https://t.co/RvCBNmWsNM https:‚Ä¶,"RT @solornbalbum: #109 jongdae introducing exo's leader,kim junmyeon to exo-ls https://t.co/dfX7x0R7ER",RT @CLKLJIH: Giggles hi I don't think we've talked much but let's get close yeah? üòç https://t.co/dlo4oXVJqf,"Starving Puerto Rican Towns Sharing Food, Eating Plants, and Waiting for FEMA https://t.co/6Bj8S2IAjK via @thedailybeast #HelpPuertoRicoNow",How to Pronounce Third Marquis Of Salisbury Robert Arthur Talbot Gascoyne-cecil ‚Ü∫RT‚ù§ https://t.co/CRdf6DOblF #,welcome to the new world baby calf...üòÉ https://t.co/cujqyVp6wC,RT @JulianAssange: NBC head Noah Oppenheim suppressed the Harvey Weinstein story https://t.co/izvkHdpmRR,#DanHibiki returning to battle a terrifying new opponent in Episode 2 of the #SaikyoRyu Online‚Ä¶ https://t.co/92T5WV3hlJ via @shoryukendotcom,"RT @QuietWords_17: üí≠
Everything's a risk.
Not doing anything is a risk.
It's up to you.

#NicolaYoon https://t.co/b1ldysrrRR",RT @jswdoingthings: jackson wang being happy to eat his meal (2015-2017) https://t.co/dckxnyBJ63,So glad science reinforced what we've known all alongüòÇüòÇüòÇ https://t.co/aBCi6AKgNu,A 30% discount is what you should give a less influential customer.. do better @gucci https://t.co/WsLpiohofl,RT @meechonmars: i stopped really hard and had to make sure my baby was safe @PopeyesChicken https://t.co/ipwWPfcegd,Gotta get that Russian oil flowing from the North. https://t.co/Ppx5dLSKzs,14 PTS from Dennis Smith Jr. in the dallasmavs home victory! #NBAPreseason #NBARooks https://t.co/88P5e6qxeF,"This time of year, the spooky boys you hear tales about come out to play, and they play by the‚Ä¶ https://t.co/jLJCbDzwzW","""HMTI Fair 2017""

See You!!

#HMTIFair2017 #HMTIFairSeKepri #InfinityTechnology‚Ä¶ https://t.co/ZI6HEqrdFu",RT @14JISUNG: BOY VIDEO #JISUNG üíã https://t.co/DZhGw0wUl1,"I love you more
#Quote Custom Engraved
Multi-tool PocketKnife
#WEDDING https://t.co/stHj9XtgiT",RT @_ItsNeicy: twenty something just begun üòà https://t.co/Fr6L8OEjWQ,RT @R96RK: I‚ÄôVE BEEN TRYING TO FIND THIS SCREENSHOT FOR DAYS THANKS! #howcansaynotothatface https://t.co/Wlstt4kx45,RT @Tien1024_igot7: #GOT7 #YouAre #7For7BAMBAM üêç How can he goes from a baby to a grown up man!!! https://t.co/MNey5hsykr,Radiohead - All I Need [live From the Basement] https://t.co/jOaS7ElDGk,RT @dopescenery: Views https://t.co/lRrDhYav9O,RT @1funnymike: How Kevin gates be üòÇüòÇüòÇüòÇ https://t.co/KIyjktynmK,Let's have a chat !  I'm there-   https://t.co/dC50Jr9yFc https://t.co/Xm82Z7A6nI,"RT @ahmedjr_16: 10 Ways #AI Is Going to Rule #LeadGeneration in The Near Future

https://t.co/y9FVDVSbRb

#MachineLearning #Bots‚Ä¶ ",RT @BurritoGalaxy: https://t.co/OgtvK03BL2 CHECk it out if you want. how are you today https://t.co/mhM1BoZrpR,I would love to eat some authentic vegan tacos but I'm having trouble locating vegan Mexico on a map.‚Ä¶ https://t.co/0994sUm20V,"RT @asassywhale: it's october, time to make my usual drink a little more festive https://t.co/6aTkXL4lDW",RT @StMichaelHCDSB: Mrs.Modaffari‚Äôs Gr.8s heading to support the Titansüèà!@HCDSB @HCDSBPathways @HolyTrinityOak https://t.co/sHMlIyjGal,How to Pronounce Dupped ‚Ü∫RT‚ù§ https://t.co/CXrGrobWRn #,"RT @2017Lon: You are a champ, @NEM_UAE! Did this all by yourself and even a #NEM-pperware party at home!! https://t.co/BOrhWBMDqP",RT @Crypto_Newz: #Cryptocurrency investing can make you rich ‚Äî as long as you know what you‚Äôre doing https://t.co/i9Yqg9W6bj https://t.co/Y‚Ä¶,Play Game. https://t.co/tyR3Vgmbtm,RT @unbvsedqueen: How you wake up fine? https://t.co/dVuU6qS4Mf,"My New Addiction is #MamiWataByJaneChuks @theJaneChuks 

What's your take on this song? https://t.co/iEiLseYNFR https://t.co/fH3s9L8m3l","RT @NiggaCommentary: Kid does Eddie Murphy, Bernie Mac, Kat Williams &amp; Kevin Hart Impersonation. Killed it! https://t.co/0kYo60uT55",RT @KatyHolliday: GMP's bike security advice. Hands up if you're behaving suspiciously? https://t.co/q1FfOUJvrv,RT @entertainmentIE: First Listen: Here's our track-by-track review of @niallofficial's debut solo album 'Flicker'‚Ä¶ ,RT @1LM5QmlMvMo4l8x: Autumn üçÇ https://t.co/Svah8vrmxW,"RT @jonfavs: Now on https://t.co/twsnYTDNaS, a piece from @keithellison on the GOP tax sham: https://t.co/Vsa9EsOfMy",You might believe that your associates will come to your rescu... More for Taurus https://t.co/uT9yzzGNgT,"RT @AshleyGil123: Can We Guess Your Personality Based On the Pictures You Choose?

https://t.co/YDCdlkGd1r",RT @OfficialJoelF: Latest track for Tropical Storm Nate (as of 2 PM). It has shifted west. https://t.co/B8zr21gCtv,The latest The Social-lite! https://t.co/dZo2eHMW46 #madebygoogle,"RT @ArtPicsChannel: Yellow-Red-Blue, 1925, Wassily Kandinsky https://t.co/NY1VKTtWxD",RT @ValerieFoxxx: I'm all wet... cheeky little BTS after today's photoshoot üíó https://t.co/DcvIHiKZXM,Enter tonight's @BullittBelfast/@ShaneTodd/@UlsterHall prize from @WeAre2023. Copy and paste #Belfasthour‚Ä¶ https://t.co/sQh0wVs6rI,"RT @SI_Swimsuit: More @TheAshleyGraham, please!  https://t.co/M50qO1ZT5Q https://t.co/NDHnkVyL5R",RT @sugabemydaddy: Barefaced Hoseok - appreciation thread; https://t.co/51Tra1XteL,RT @deprive: The Elle Woods I am right now vs the Elle Woods I'm trying to be. https://t.co/FIprpuIFLc,"1883 MORGAN SILVER DOLLAR- PCGS MS65+PL, A WORK OF ART, PREMIUM QUALITY https://t.co/c2snZWGn0P #silver #junksilver #coins #us #bullion","@Kat_McNamara She is Clary Slay Fray and is more determined, strong and ready to kick ass!!! #ShadowhuntersSeason3 https://t.co/IDFR14Hxcg",RT @barrynotwhite: Mad cool points down the drain smh https://t.co/jJ1UWcC7fM,"Does it reENFORCE LAW THAT ONLY CITIZENS OF USA are eligible to vote &amp; only their votes will be counted?!!

#AB249‚Ä¶ https://t.co/q5JiaHAGsR","The Case of #Glyphosate: Product Promoters Masquerading as Regulators? https://t.co/G410UPcepY

#Autism! #Cancer!‚Ä¶ https://t.co/wpgWouBUA6",RT @MSU_Football: LETS GO! #GoGreen https://t.co/hYFQanMcF2,RT @TotalProSports: NBA all-star game captains looking at the Eastern Conference all-stars https://t.co/cpYXkAMhZS,24 people followed me and 24 people unfollowed me // automatically checked by https://t.co/OSLOS765Y5,RT @RightWingStand: I can't imagine why the Alt-right is becoming more and more popular... https://t.co/9MpxKC0ejy,pentax67's photo https://t.co/tW3jfWNPqq,RT @SkolBros: When she says she‚Äôs a Packer fan.... https://t.co/oCDbga0Bj4,RT @syIphe: Tim Burton https://t.co/Va10g00Vz7,"RT @SportsCenter: The TCU fans at @CollegeGameDay have spared no one this morning.

Best of the best: https://t.co/US9HvO4LCB https://t.co/‚Ä¶","Tattoo Today: @Tatt2Connection: 'New Jersey's Oldest Tattoo Shop
Quality Tattoo‚Ä¶ https://t.co/Tg5AB9ptyl, see more https://t.co/brhkzNntAj",RT @thehill: Kimmel to Trump: I'll give you my show if you quit the presidency https://t.co/8jrkq7952G https://t.co/uzAyJLHdpF,today's stats : 64 non-followers. found via https://t.co/TXgIu4kw7c,IM SCREAMING I LOVE MY MOM https://t.co/MwxYFLLtnj,#Vadivelu sir Happy birthday by #Vijay Fans https://t.co/5Nj0MfdGln,RT @bradforte1: FUCK THIS ASSHOLE LET HIM EAT THE GODDAMN COAL     https://t.co/1k7I944hpK,RT @biDirtyLinguist: My first video here. The quality is questionable but I I hope you won't mind :) https://t.co/CP8n012rIk,i need a Thomas Rhett https://t.co/vdTbWLlY3p,"RT @lolitascak3: (fanfiction, IT)
- w r i t e r
- pennywise &amp; bill denbrough
- richie tozier &amp; bill denbrough‚Ä¶ ",RT @hopieandsehunie: I love him so much https://t.co/KesSJQT5kU,"RT @MartyScurll: üí∏ The Luxury Trio üí∏

@njpw1972 

#villain ‚òîÔ∏è https://t.co/l4yGW1BxXc","There are no mistakes, just lessons. https://t.co/oJcIPdFk0l","JUST IN: John McCain Calls Mike Pence ""Asshole"" On Live TV [VIDEO] https://t.co/B2efgd6pFn",@tracygmurphy @FOX4 Well I don‚Äôt know why they always say that https://t.co/RPAuQIflIj,RT @InvestigateRU: How Russia Harvested American Rage to Reshape U.S. Politics https://t.co/fM40XY8D98,I liked a @YouTube video https://t.co/IUJo5cwVNy AR-AB - No Smoke (feat. Velous) Official Video,RT @SoaRPz: ONE OF MY DOPEST 5 MULTIS https://t.co/4HQNcalDfU I LOVE THIS CLIP,Saudi Aramco eyes JV deal in India by next year: CEO https://t.co/bh8xP2a7aF https://t.co/55UN3D9cQ9,"RT @NFL: .@HarriSmith22 intercepts Trubisky!

HUGE INT for the @Vikings. #SKOL #MINvsCHI https://t.co/Iqwo1atMQQ",Homeownership: When Owning a Home is Better Than Renting https://t.co/EpHZij9Od9 #realestate #realtor #homes‚Ä¶ https://t.co/1hvfw6HsCs,"RT @its_ivyadams: Soapy naked shower Ivy snaps up on my premium üòè

Join https://t.co/mgf4SSluMe for access! ‚ù§Ô∏è https://t.co/jYkktloqtp","RT @_SrPelo_: I am making 2 highlights, Cuphead and Skeleton boomerang, this is one of my favorite parts~ https://t.co/V34oVwepbZ",i srsly want this everything w takato in this sweater i want them https://t.co/1hvjW0Ywg5,"RT @CzechRaw: Get those pants down, i wanne access your hot ass and fuck you with my assiv cock, enjoy it boys! https://t.co/bT1c7SHhYu",RT @DailyPitbulls: Pupper head tilts are the best   https://t.co/d0juAsoueV,Yeah... https://t.co/cV6kfuIl7v,RT @XXLfreshman2019: Stitches finally making sense üó£ https://t.co/3jUAsoxqSC,RT @imtooalive: no Eminem slander will be tolerated on my TL from here on out. https://t.co/fCTbCSLcEK,RT @DalenHutch23: 4 GIANTS WR'S GET ANKLE INJURIES IN THE SAME GAME?? @Illuminati_Stop https://t.co/eO7FS585dn,RT @opnforsurprise: open this https://t.co/MdM8Dca4RK,RT @Kordiiee: We do lol https://t.co/pGHDpHKbYT,"Amount of explosive chemicals in Plaza Towers apartment could have heavily damaged building if completed, expert... https://t.co/VkVJt9ZUh0",RT @JimmyJamesIV: We out here respecting women AND saving lives https://t.co/ANSd0X3Lpw,K$upreme Feat. Kodie Shane (of Lil Yachty‚Äôs Sailing Team) - Feeling Okay (Prod. by Pierre Bourne)‚Ä¶ https://t.co/MV1ObHljS5,@eliistender10 Morning. I have something to share with you &amp; hope that it can make you happy today. So I am giving‚Ä¶ https://t.co/s2RItDT7OF,"RT @KTVU: Current Fire Information from @CAL_FIRE Includes locations, acreage &amp; containment https://t.co/yd5mx2oRLX",RT @seeingdandy: Give me all the #princess #costumes. ‚ù§Ô∏è‚ù§Ô∏è‚ù§Ô∏è Go HERE: https://t.co/Qej040Oneo #disneyprincess #disneyside‚Ä¶ ,RT @jintoxicated: goodnight! thank you so much for 25.7k! please continue loving seokjin üê©üå∏üíü https://t.co/18bpNGIeQk,Song Time! Milo's Murphy's Law EP 2 Part 1 reaction: https://t.co/vccbHmTzc2 via @YouTube,"RT @seventeenfly: SEVENTEEN FULL COMEBACK

6 NOVEMBER

6/11

6+11 = 17

never underestimate the math idols https://t.co/PueOpYVmV2",RT @RyersonDMZ: Podcast: Community is the most valuable thing your #startup can build on the path to success ¬ª‚Ä¶ ,"RT @BitcoinGarden: #Cryptonetix | Blockchain Analytics, Funding and Portfolio Management https://t.co/7H17aJc9Er tnx @cryptonetix",53 Motivating Brad Pitt Quotes https://t.co/oGxjaQU0C7 #motivation #leadership,"RT @LinkedInDiva: Week of 10/2: It's October, so 4-3-2-1... It's time to live stream! https://t.co/bf3ziAZKZM via @bryankramer",RT @CofreshSnacks: #WIN in our #Diwali giveaway. Just retweet &amp; follow &amp; #sharethelight https://t.co/DoQAPGPnlY,"Happy 7th anniversary, @OfficialKBB ! ‚ú®üíôü§ò https://t.co/uQWtrrGJmh","RT @GRMDAILY: üì∫ Kidulthood set to RETURN as a TV series üôå 

‚û°Ô∏è https://t.co/MXYgfdo7bR https://t.co/xRgq9Ml9Jq",free sext movie scene https://t.co/t1lfJX0vi0,The latest The Cosmogalactic Post! https://t.co/ZptKcVjO9t Thanks to @ShefiBenHutta @Jbrekkie @amandabjones #gunsense #lasvegas,"""You really got hit, there's no question about it"" realDonaldTrump #TrumpPuertoRico https://t.co/10vVhsADIi","Self-expression comes easily today, but your words may have a ... More for Scorpio https://t.co/7cNiOOX8UN",further discussion to be had here: https://t.co/Gvuh1q6rlA,RT @meiv1x: trying goretober this time!! day one: excessive lacerations https://t.co/3AE2WABalk,RT @r_little_finger: Powerful take on @NFL watch &amp; share üá∫üá∏#FlushTheBowl üá∫üá∏#BoyCottSuperBowl52 https://t.co/3cZs0i5zcO,RT @pennydancin: sweet dreams - srsider funk remix https://t.co/c9X3HOzh9n,@SupperSunny @Lord_n_Master @Lovingrahulxxx @ssilverssurfer @sexynavel @madhurima011 @nehaa0000 @Tia_likes_sex‚Ä¶ https://t.co/ICHxLKh22A,Retweet to help me win a @Google #Pixel2 from @phandroid https://t.co/taAlCjGgsZ,RT @joelcomm: Keep track of your shoes! https://t.co/pNQunc86Wi,Falling.... https://t.co/ygIgGi9Rp6,"Handmade #Gears clock in wood #Bike #Art #Artisan #WorldwideShipping

- https://t.co/EXVglmUklP https://t.co/Y480athM8q",RT @DailyUpdatesWDW: VIDEO || Video of Daniel with a fan today out &amp; about in London! (October 8) https://t.co/wPJhawAnGy,RT @NotSoAndre: Wait is it really https://t.co/huuxN9r92n,10 people followed me and 2 people unfollowed me // automatically checked by https://t.co/wthWID3qmQ,I'm digging to this one. https://t.co/fg7Z157wmF,RT @ggsperforms: ‚Äî ailee ; home https://t.co/JMpAazaCgU,"‚ôßŒ© Vintage Wooden Decorative Country Wagon 15"" Long Look U907B https://t.co/aNTEEV8895 https://t.co/DU9NhWrgrS","YOU MIGHT BE INTERESTED IN THIS ARTICLE, ESPECIALLY COUPLES - https://t.co/b0DFWKkQH0 https://t.co/dHo6vb6oXs",RT @Complex: This white woman attacked two black men for kneeling during national anthem: https://t.co/Acu9zYpDsm https://t.co/Afw2vJQ5jJ,Join us in celebrating @anna_del_mar's THE GUARDIAN &amp; enter to #win a $25 Gift Card! #BlogTour #NewRelease https://t.co/kVGIAFTNG7,RT @_Anjanette1213: Life is too short to be hinting around https://t.co/Oke128gXnk,#Design facebook page for my Final Expense Life and Burial #Insurance by Brenda3224‚Ä¶ https://t.co/dEeSK3NkKi,RT @James_yabish: MOOD FOR THIS WEEKEND LMAO https://t.co/nxkJ6Pac5k,Guy find his GF with her GF and joins in https://t.co/fx9zRbWlav,RT @omgpasteI: girl power üåπ https://t.co/gn46CIGEN3,RT @NoChillPosts: Dad in the back was nervous as hellüò≠ https://t.co/7NemvE5lph,"Just look forward and it will be alright üíã
#ootd https://t.co/f3arSahOhu",RT @GirIsWant: I would pay money to just walk in that store one last time I swear that was my life man https://t.co/T4buzpHkty,man gtf https://t.co/NLLPiqAHLm,you think you have forever but you dont pt 2. https://t.co/VmoHa922Ol,RT @_Givic_: Before going to work https://t.co/Tw0MurTAVi,"RT @ofcaldubSDcali: Thank you talaga @aldenrichards02 
#ALDUBLoveNoEnd https://t.co/Jfikzsmz3q",Welcome to my new 1 followers and goodbye to 2 unfollowers (FREE stats by https://t.co/4l3alpp6X1),Florida seeks solutions for hurricane evacuations: He has set up a hurricane response committee to find ways to‚Ä¶ https://t.co/WjSwO3dwXt,"RT @KETCHUPnim_: mina enjoys inflicting pain on sana lol #realMINAüòÇ

#2NAüêßüêπ https://t.co/fyGTqVZrFc",This Is How You Build The Workforce Of The Future https://t.co/Qny6n5HccV,#DataScience #ai #bigdata Analytics India Magazine Creates a New Buzz With its New Web https://t.co/U4Kdt61g7v,"RT @SanJoseSharks: üö® GOAL! üö®

@TomasHertl48 taps it in on the power play to give the #SJSharks the 1-0 lead! https://t.co/RhDqx9EyAC","RT @Jakelyn_27: Sometimes I don't even know how I do it, but how can I give up when they never did https://t.co/IX1meYCUnB",RT @DestroyingCIips: How to make hot ice https://t.co/VoB2awz3IJ,RT @ChasingCoral: Bleached parts of the Great Barrier Reef are returning to life https://t.co/jCOUpdS5mu,"‚ô•‚òæ Valentine red ring and brooch, Fabric ring, Large ring, Red, Twirled r... Just for you https://t.co/vxBCFyRppA https://t.co/hZlNaG3DRu",RT @thoughsob: Hahaha best video on the internet right now‚ù§Ô∏è‚ù§Ô∏è‚ù§Ô∏è‚ù§Ô∏è‚ù§Ô∏è #CatalanReferendum https://t.co/zkwEL5FHzW,"""Too Hot To Be A Wife"" by Isabella Pearls https://t.co/iBoyNhNjNb #Erotica","hello, some killing harmony https://t.co/KpLJkbcXMZ",Local online dating in Palma de Mallorca https://t.co/ei2BVqT4Dp,nothing but facts https://t.co/B4MAls1qjf,"RT @RoxyVancouver: There's still time to get your tickets for @OneBadSon next week!
#LiveMusicLivesHere https://t.co/MTzURkEGXi https://t.c‚Ä¶",RT @RyanAbe: crazy how single I am https://t.co/TFIyXNka4e,RT @Fiveglock: In Our heads we wanna smash https://t.co/nWrpvjnWpP,"You got caught again, huh? https://t.co/KRb88Q7zIK",RT @ShaakiraWhite: Homecoming mood https://t.co/q68PoHccdk,RT @xliveterna: I LOVE TO SUFFER https://t.co/i8RRKOeZV1,FLAT EARTH VIDEOS: https://t.co/zrpPGkt7RL via @YouTube,"As US designate IRGC as a terrorist group: I told @KyleWOrton, Tehran stands as ‚Äúbiggest loser‚Äù from KRG referendum: https://t.co/DKkQHEPUxa",Society in a nutshell . https://t.co/vRFuFZtAq5,RT @movietvtechgeek: Latest:  NYCC: Watch DC‚Äôs ‚ÄòDoomsday Clock‚Äô Panel with Geoff Johns Live https://t.co/OdhItyAD62 #ComicCon‚Ä¶ ,"And I'm just like ""el oh el. Yeaaaa"". Like dang dude. You didn't have to point it out and rub it in my face üòÇ https://t.co/5HjsdWvokp",RT @giorgialupi: WOAH! Anonymous visual journal depicting an entire trip through the West Indies in 1815! üò±https://t.co/4q897t1gpc (‚Ä¶ ,So this has become a borderline obsession for me now... Call me crazy but that is not a bear! I know most think I... https://t.co/DNPtl0YmIB,RT @9GAGTweets: Passing on skills https://t.co/xKStwMFcaz,I am so happy https://t.co/YWiOqR4JD7,"Steve Jobs.- #quote #image https://t.co/9hSPthb5zx
https://t.co/oSF4hAcbtx https://t.co/s5cgaDXpea https://t.co/ahN4HjtM41","RT @BV: The fraternity paradox: lower GPA, higher incomes https://t.co/NDKAQLbWNd https://t.co/Se7USdMSQB","RT @BTS_ARMY_INT: They look like they were made for Billboard, the magazine looks 10x brighterüëèüëèüëè https://t.co/Fuu3qmOKdX",RT @hyungpics: a deadly reminder of hoseok‚Äôs rainism focus https://t.co/I9ra1kZMNM,RT @screaminggina: @williamlegate Hit back with this. https://t.co/KugroKaCqc,#NowPlaying on The Studio 103 Set You Free by Planet Soul #Listen https://t.co/6b1TBV7mWf,RT @taehyungpic: most precious üêØüíï https://t.co/WSHCGpJM1t,Calling Essex Business Owners - *01702861000* https://t.co/XU1hTjT7u1 #Essex #Business,RT @Patrick12345681: Hey everybody it's #LeifEriksonDay HINGA DINGA DEURGEN! https://t.co/kMEyfUJAIU,üò©üò© Sh1pppp lol Love youuuu ‚ò∫Ô∏èüòòüòò https://t.co/cxSbbumBJO,Israel &amp; New Breed - Jesus At the Center (Live) https://t.co/g49HfCHRdR #nowplaying #listenlive,"SamanthaSmith, Welcome to JP &amp; Associates Realtors - Austin!   https://t.co/Mmnp8x8xl3 https://t.co/5u3S4puqku","RT @GlebovaValeriia: A little crooked, but I tried‚ù§
@imminenceswe https://t.co/rZqeTn1Tjk",RT @legendxbeauty__: thought it was only me https://t.co/YIRNkZRHQr,"TSMC founder Morris Chang, who pioneered the made-to-order foundry model, talks about his industry legacy as he... https://t.co/bb1jmGi0Px","Hey guyes,
are you looking outstanding experience graphic designer? Right here...
https://t.co/oBizxii4b7 https://t.co/gbPXJDYZaz",RT @RunJimmie: DawgüíÄüíÄüíÄüíÄüíÄüíÄ https://t.co/3fhlb419Oo,"RT @INETeconomics: Without systemic change, is this the ""new normal""? #INET2017 speaker Storm says it might be: https://t.co/iFQXwerQpT htt‚Ä¶",RT @IrishaSummers: How to let people go https://t.co/WUf8YikYte,Awareness bus campaign sponsored by .@SoiDogPhuket #EndDogMeat #SouthKorea #SaveKoreanDogs https://t.co/oHsS5I7YS5 https://t.co/pL1d56WfqO,"#NowPlaying The Spectre by @IAmAlanWalker #listen at https://t.co/VpnQNUIxMJ
 Buy it https://t.co/ba34D40nAX https://t.co/gNyFShiRE4",HAPPY 1ST ANNIVERSARY PENTAGON! https://t.co/nrh5Z3KfrR,Don't be sucked in by Heidi Allen. Her voting record is what matters. #PMQs https://t.co/q1tLHN8V38,RT @marioteguh: Deal? üíüüíùüíñ https://t.co/YqV5mZDV4m,"RT @deliciousmag: Does the thought of a delicate souffl√© scare you? Once mastered, they can be a joy to make.
https://t.co/XhZEIwYPmR",@lotusmeblue Happy thirsty Thursday https://t.co/L0We4pqMCK,mashable: This workplace is office goals. https://t.co/pxcq7DWmOf,RT @DailyAmateurVid: gorgeous blonde fucking herself üë©üèºüòè add her on üëâ https://t.co/LIWQ3Jfxo5 https://t.co/19AyVq2VQy,"RT @StarCinema: JaDine, Arci + more urge everyone to #KeepGoing SEE HERE: https://t.co/40iRAKn4cK https://t.co/WZ5MEMjrxU",Congressman Donovan!!!! #morningJoe smack down https://t.co/4CU7VKr71P,"RT @kun_once: TWICE x 11st 
#Ìä∏ÏôÄÏù¥Ïä§ #TWICE https://t.co/DhaDX6Sm4w",You may be handed a specific list of unfinished tasks today wi... More for Pisces https://t.co/TbcmAGS7T1,"RT @leemakwiny: The mother of all demonstrations never witnessed in Kenya before. Uhuru must go. 
#NASAForReforms https://t.co/hr1gbpmPtP","People, things...  #awesomewords #mysaintpaul https://t.co/0NlZJwhZIJ","RT @TheFashionLaw: Halima Aden: ""Every Girl Deserves to See a Role Model That's Like Her"" https://t.co/aVjaOsdGOB https://t.co/dbEJQtbVZT","RT @BestDailyHarry: üì≤ | Harry just liked this tweet. ‚Ä¢ October 10, 2017. https://t.co/ul6701awYO",RT @scroll_in: Man arrested for Facebook comment threatening to rape woman and her brother in Kolkata https://t.co/S1Z6gttq58 https://t.co/‚Ä¶,"RT @andylecompte: Check out my client @agnezmo new album X out today 10/10 @ Hancock Park, Los Angeles https://t.co/zaLZAMhJPa",RT @SlayDae: Unc @ShannonSharpe you know how I'm pulling up to @CollegeGameDay @JMUSports https://t.co/UfRhKuB5wf,Our gorgeous tub @FairmontBAB #takemeback #fairmont #abudhabi üòç https://t.co/0qfgn852au,RT @nancygedge: TAke a long hard look in the mirror: The Blame Game https://t.co/oUtKD1mnnJ via @Sue_Cowley,You light up when you dream of your performance as the star of... More for Virgo https://t.co/ffZOXwSZCD,"For Everybody, These Are The STEPS INVOLVED IN APOLOGIZING SINCERELY &gt;&gt; https://t.co/i7KZm4eIb4 https://t.co/6y31oOz8lV","Michelle Vidal: 22 Hottest Photos Of The Instagram Model

https://t.co/RJYoNvbahC","RT @KimCoxAuthor: BEFORE WE WED, Style &amp; Profile book 2 - https://t.co/AsdKbzj3Kz #IAN1 ##IndieBooksBeSeen #romance
""Wow, what a ride‚Ä¶ ","@Nike Academy 16 Midlayers for Holmes Chapel Hurricanes JFC, sponsored by Three Sixty... https://t.co/hMYNQiLcs7",Equal Pay Class Action Lawsuit Against Google https://t.co/SkSL56tuwy By @labor_attorneys,RT @TheAnimalRescue: She was NOT going to give up! https://t.co/b5QrjDN1ib,RT @AbigailCBN: ‚ÄúWe are stopping cold the attacks on judeo-Christian values‚Äù @realDonaldTrump #VVS17 @FRCdc https://t.co/kQa6Kunmjw,I just entered for the chance to win Instax Access to Jingle Ball Surf to Sleigh courtesy of Fujifilm Instax! https://t.co/X6D04a7MM4,"The Art of Thinking Well, via @nytimes https://t.co/wmF7dhO1PR",RT @DimsumsMandu: Never changes. https://t.co/lEIPtE5aly,"RT @PlayersSayings: ""The time has come.""

- Andrea Pirlo. https://t.co/CXd1M5ofJi","OMG! You have to see this. #BIGOLIVE.  
https://t.co/ip90H2tB62 https://t.co/Qmlbk9prvu",Does Student Collaboration Really Matter? https://t.co/rSESYQjDyK #edtech #edchat,RT @Cavsanada: I knew a guy that smoked one weed. This is what happened. https://t.co/BZ5gMJp1na,"Australian Spotify Charts:

#OMG - #104 (+8)

-30,307 Streams (+3,195) https://t.co/oRwCtZIZEm","She was killed for writing and distributing a pamphlet...that‚Äôs all! When words are a threat to your power,... https://t.co/X9S1aStTKT",RT @matthewchampion: GLOBAL BRITAIN https://t.co/3V1gyNr8x6,The latest Top Blockchain News Today! https://t.co/luBY7lGZYY Thanks to @CristinaDolan #blockchain #fintech,RT @TYTPolitics: Jeremy Corbyn On The Global Populist Left Uprising https://t.co/9ZLXp2beMg,"RT @GwangWoonTH: bbowoo IG Update 
171004 #JEONGSEWOON #‡∏à‡∏≠‡∏á‡πÄ‡∏ã‡∏≠‡∏∏‡∏ô #Ï†ïÏÑ∏Ïö¥ https://t.co/pJkZrOjPtF",Melton Mowbray event firm acquired by US counterpart https://t.co/vZ3rWT5RpK https://t.co/5O96gutmW1,RT @madebygoogle: Answers are coming. Today at 9am PDT. #madebygoogle https://t.co/rjJeWXYPrX,"RT @MWFarts: Theirs is a story written in the stars. ^_^
MAYWARD FairytaleJourney https://t.co/JVSom6cfhZ",This #job might be a great fit for you: Substitute Teacher at Forsyth Academy - https://t.co/tk0FYUBHq2 #Education #Teacher #Hiring,"Those far and near have been affected by the shootings in Las Vegas Michelle Vo, Financial Services Professional... https://t.co/g5T8J6UFEh","This one is my favorite
#ItchMyButtForMe https://t.co/EZcwxkZYa5",Merchants may take the hardest hit from the Equifax breach #Payments https://t.co/ODqK8PvFT9,RT @C3Centricity: Congratulations to @MarsGlobal and @marcpritchard1 Well deserved recognition. https://t.co/pjygeOA3uw,RT @DressingCuter: These heels https://t.co/ZK1QjjQsi2,"Video of @Carl_Cox playing our tune ‚Äú1988‚Äù at @MusicOnOfficial B2B with @marcocarola 

(forthcoming in a few months‚Ä¶ https://t.co/df86O8Jhj2","RT @3Quarters2Day: #Huskers football isn't just a game, it's an OBSESSION https://t.co/QLMdnmkkxX #GBR https://t.co/qmT5LJwc7N",Every day https://t.co/VTinZVfg53,"RT @ksdknews: #BREAKING: Man dead, teen in critical condition after double shooting in Spanish Lake https://t.co/9VkAiq0nBm #TISL https://t‚Ä¶",RT @JMedInternetRes: Peer review me:  Developing an online psychoeducation programme for adolescent depression https://t.co/s5ZnMRPBtw,"RT @chartszayn: Worldwide iTunes Song Chart:

#4 Dusk Till Dawn (+1) *peak #1 for 9 days* https://t.co/kA8OjH0qpo",Where True Happiness Comes From: How We Gain by Having Less https://t.co/lwPXIjyZBV https://t.co/Qx3SK1g3nQ,I love you lmaoo https://t.co/kR0PNf9XNd,"Even in remote places like Algeria, people are #findinghope. ‚ÄúEvery Tuesday night I call my friends and ask them to‚Ä¶ https://t.co/IdXoxr1IoY",See if you can solve the #brainteaser! A brain teaser to finish off your Saturday! https://t.co/f8Xe3DS75E,"""JAVTITs"" https://t.co/UPIEmp0whr The latest article is uploaded #javtits #JAV #boobs #tits #fapmaterial","‚ÄúIf your phone has sapped your powers of discernment, you‚Äôll believe anything it tells you.‚Äù https://t.co/Act194CDca",one person followed me and one person unfollowed me // automatically checked by https://t.co/FDiBoHDdIN,You need to be surrounded by people who can hold up their end ... More for Pisces https://t.co/Wyst1Xdsq1,RT @AllIndiaRKFC: @superstarrajini Thalaivar stills from #2Point0 #3DMaking https://t.co/dIUwHGN3oR,"RT @milkysehun412: ""I Love Oh Sehun"" in many languages‚ù§Ô∏è
‚ú®: https://t.co/3byolmDYvY https://t.co/rrx5DoUmwa",RT @r7465__: Finally someone that rates him. https://t.co/P5MEyPTI0d,Sat 09:02: Light Rain; Temp 16.3 C; Wind S 11 km/h; Humidity 98%; Press 101.3 kPa. https://t.co/PNoaikYghh,time final exam bulan 9 and exam bulan 5üòÇ https://t.co/gtB3KZGVG9,"UNLV Hockey AC Nick Robone Saved by Brother, Friends During Las Vegas Shooting https://t.co/FJK1bhgupq","Ôº†null October 07, 2017 at 10:07PM https://t.co/Dq5A4dr0Mz",RT @danjerdays: 1: bad post https://t.co/xS4FzW3Xv7,Official opening of the #foxhunting season goldens_bridge_hounds  #mistymornings #northsalem @‚Ä¶ https://t.co/WLDIfAhzrJ,RT @SpeakComedy: Me tooüòÇ https://t.co/iieUwR67tJ,This Is Why Annie Idibia Feels Like Giving Up Most¬†Times https://t.co/3VFboUMdS0 https://t.co/yPMYTkgcBX,Miami Dolphins coach resigns after video surfaces appearing to show him snorting cocaine https://t.co/zyB5knUi0X via the @FoxNews Android
