RT @KamarieWallace: when u tell yourself ur gonna dress up the next day so u set your alarm early but when it goes off u hit snooze and‚Ä¶ ,businessinsider: Mt. Everest is not the hardest mountain to climb ‚Äî here's what makes K2 so much worse https://t.co/MUdlVgNbgH,RT @myarkwithin: Two boys shot death in Bali Nyonga today by @PR_Paul_Biya forces #FreeSouthernCameroons #RestorationNow @UN @antonioguterr‚Ä¶,RT @KimReadaholic: Soooo exhausted,RT @TheOnion: New Bill Would Limit Abortion To Cases Where Procedure Necessary To Save Promising Political Career‚Ä¶ ,KA01AE5751 arrived to thaliparamba. At 05.10.2017 05:28:25 .you can now track PK travels SmartBUSes near you by... https://t.co/50R4w8bJz5,"RT @dolansmaverick: we‚Äôre twinning how cute
#SelfieForSeb @sebtsb https://t.co/ShWiTzK5ep",RT @blvckNC: Aye give my man back his snacks yo https://t.co/6pfZD7G51V,RT @Amy_Siskind: Ruth Bader Ginsburg is every woman sick of white men who didn‚Äôt even earn their spot talking over the rest of us.  https:/‚Ä¶,RT @Kimi_Suki_: Me every day! https://t.co/BCdiJkBJ6a,adult dvd db male photography nude,"OH MY GOD? 

https://t.co/MYnnFftuVF",RT @NKOTB: #VegasStrong. Love will not be outdone by fear. https://t.co/ieNsqjhtm6,RT @JSim07: I wish I was as cool in college as @todrick &amp; @KidFury are at Winchester https://t.co/c4lXTbCbWT,RT @_ItsNeicy: twenty something just begun üòà https://t.co/Fr6L8OEjWQ,don't lose hope,Voy a spamear el TL de lyrics de NF sorry üòªüòõ,Carson City man dies in crash on US-50 involving SUV and horse - KRNV My News 4 https://t.co/4rPIYaaNrX,@JasonRitter Been keepin an eye on u since Joan-Always  a joy to watch you...so happy to find out about this one!,"RT @matoacahsathlet: Thank you again to our Matoaca Athletics Boosters for your hard work!!   The new field stencil is for  our FH, FB,‚Ä¶ ",@pelispornogay @SeamusOReilly69 @Big_JoeyD @CodyWinterXXX @IzzacLin I wanna see @SeamusOReilly69 double fisted elbow deep,"@beermanTom That picture gives me a much needed giggle....talk about a crazy face, that is one crazy a$$ ‚Äúwoman‚Äù!",Find out what we thought of the NEW #moshimonsters app and trading cards! https://t.co/ZWnPuYeE81 https://t.co/vNzI4mwpO6,"@Jim3420 @AMHQ @spann @USAsunrise @WeatherNation @SamanthaAugeri Thank you, Jim",RT @Harryslaststand: It went down like Titanic #MaysSpeechInFiveWords,RT @greta: Why would they not be released? https://t.co/WjGywmtRbd,"In a Country of White Domestic Terrorists, the NRA Wants to Make Sure They Are Not Labeled As Such https://t.co/ndCtsmdCla via @atlblackstar",RT @SenFeinstein: There‚Äôs agreement that automatic weapons should be illegal. There should also be agreement that accessories that al‚Ä¶ ,RT @WorstHeroEver07: What the Justice League EMPIRE cover should have looked like. #ArtByMe #EditArt #JusticeLeague #EMPIRE https://t.co/uZ‚Ä¶,"RT @kcash1956: My sister wrote this great piece today. If you agree, please RT. https://t.co/YPjqcN2j3k",RT @Bre_Faucheux: The GOP are nothing more than moderate liberals. They consistently turn their backs on American workers for cheaper‚Ä¶ ,free full porn vids the worlds best sex position,Langley boy hit by speeding car allegedly leaving scene of theft - Vancouver Sun https://t.co/6cB600SWpX,RT @Dreaaceline: Damn it‚Äôs only 8,@dcnblues217 @Julie_Weathers @PaulVale @Mediaite @LarryOConnor .The only people being oppressed are the native whit‚Ä¶ https://t.co/h4OySVuDr0,"RT @keithcalder: If Harvey Weinstein can afford to pay all these lawyers, then he can afford to pay the $120,115 he owes us for ALL THE BOY‚Ä¶",Economy Recovery is Positive for Trade Shows https://t.co/BLq1CT4yiy #eventprofs,@ArvindKejriwal You should learn this before teaching others,...and finding...,RT @Tinu_Kuye: Am I using ur vagina ? https://t.co/GwYiTDcY98,When the lights are dim and your heart is racing as your fingers touch his skin.,RT @Mare3097: other fandoms voted. against us. teaming up in comment sections to trash the BBMA &amp; BTS so thx for ur few votes don‚Ä¶ ,Watch: Football Tonight high school highlights: https://t.co/PCdaWm6ZZm https://t.co/AFt5rWfogu,OHMYGOODNESS FINALLY A PICTURE OF THEM TOGETHER HUHU MY ALICE x Wannable heart üíò https://t.co/6tN6vB5335,‚ô´ Mr Day - No Time (2010) https://t.co/wYS8rSPP1c #NowPlaying https://t.co/lWThXy4XfB,RT @BrendaElysiah: Tryna have my booty smacked,RT @myboycrush: Sam Smith and Brandon Flynn on a date üòª‚ù§Ô∏è https://t.co/NahDE689o0,"RT @thegreatkhaalid: RT if you are: 
-Young
-Dumb
-Broke
-In High School","#Winx #Mim #21
The mother in law loves the punt. https://t.co/XaMwbJCmk4",RT @ThomasPride: Elvis tribute act sells more tickets than Nigel Farage at Clacton theatre https://t.co/zQkeIEBaut,RT @BCCI: Welcome back @SDhawan25 #TeamIndia #INDvAUS https://t.co/0qaqRNeHVH,TGIF is BACK! I want to win a fanny pack prize filled w/ throw back fun! #giveaway #TGIHULU via @Hulu &amp; @censiej https://t.co/LdElRvr9sM,@kanon_nsj_7 I want see your show again,I can't imagine what happened to passengers while landing.  impressive job from pilot...The seen if the Month‚ò∫ https://t.co/ZNXEegpEDO,RT @YupThatExist: The miracle of science is profoundly real when you see people's first expressions of hearing for the first time https://t‚Ä¶,"@PurrserkFeline . . .

What do I even call you?-((",I added a video to a @YouTube playlist https://t.co/BpTw7W3jT9 LIVE Blitz #2048 (Speed) Chess Game: Black with Albin Counter Gambit,RT @aeonnnnnnn: the same but like not rlly https://t.co/FVRwLt8wok,I don't get why people want to kill Theron. I don't remember him trying to kill me like Quinn did. #SWTORFamily #SWTOR,The stand-up comedian who can't speak@SarahTryon25  https://t.co/pEjsGnfy5R,"This is what George Bush secretly said about Zimbabwe: ""9/11 revolutionized a mango.""",RT @hyungpics: a deadly reminder of hoseok‚Äôs rainism focus https://t.co/I9ra1kZMNM,What. A. Start. üëåüèΩ https://t.co/C5jnHjBA4Y,CUOMOED I‚ÄôM CHOKING https://t.co/VznKtDHNLf,what the fuck why is it so hot today singapore chill the fuck down,@bjan9 @MSNBC its up to mueller to save us from this shitstain of a presidency.. https://t.co/q4VdCOPNjv,"RT @AimanzHaikal: I wonder how did I survive hours straight of classes during primary and secondary school but at the university, two hours‚Ä¶","RT @iamrenike: I met Polly Alakija today. üò≠

Definitely one of the best days of my life. https://t.co/GTeiDOhbRf",RT @ShalimaMkongi: I lost my best friend to suicide bc she was depressed.her family did not understand bipolar.Lets write stories that‚Ä¶ ,RT @sliver_of: I‚Äôm just a living breathing walking talking typo,"CAMILLE results
Week one ‚û°Ô∏è week eight 
4Ô∏è‚É£ weeks left 
9Ô∏è‚É£0Ô∏è‚É£ day game  plan 
1 shake breakfast, 2 meals, 2 snacks‚Ä¶ https://t.co/RAFLcAOy2e","RT @JackieDH88: Friends: why you doing dumb shit 
Me: https://t.co/7Z2DGlQoYU","RT @T_S_P_O_O_K_Y: This should end any discussion of new gun control laws due to the Vegas attack: 
https://t.co/rVw6t0bgAH","RT @RoseEllenDix: üé• NEW VIDEO! TOUR LIFE PART 2!
‚ñ∂Ô∏è https://t.co/cxJYgQ0zQ7
üåà https://t.co/eobynw3yis https://t.co/h8VBfCVsBF",Trainee Website Designer ‚Äì No Experience Needed- Brighton https://t.co/FzqVxOH1Rn Job East Sussex,@mtawaz @SirNige Thats how Nandos thrives!,@Caistor_GS awaiting the results of the final day challenge. Thanks to all the staff @hollowford for a great weeken‚Ä¶ https://t.co/huQx8zNzkd,"RT @9GAG: Eyeliner struggles. Never rush me. üíÅüèª 
Thanks @MrCianTwomey for his #9GAGFunOff video!
Send your vids to‚Ä¶ ",Just posted a photo https://t.co/BLvwom8VH0,People may make the mistake of thinking they know what you‚Äôre ... More for Scorpio https://t.co/qnR79FDNRf,@MonadoHawk Remember when we were talking about getting lucky with pulls last night.,RT @ItMeIRL: me_irl https://t.co/uXijn71xo6,"@LeCreusetFiend 40%? 

It's not Labour who propose locking up those looking at the wrong sort of websites or YouTube videos","RT @jurygroup: Should both sexes 'should be taught about periods together at school'? @PlanUK https://t.co/5zVb23c3VT

RETWEET &amp; VOTE #your‚Ä¶",RT @ShawtyNotBasic: TIP OF THE DAY; Your body heals. Your heart heals. The mind heals. Wounds heal. Your soul heals. Your happiness is‚Ä¶ ,"RT @Londonescort69: London Escort-CHERRY Brown
https://t.co/ANp6VmcXvB
SEXY ESCORT GIRL IN LONDON
#EscortsLondon https://t.co/aaFpcSadQ6","RT @UncleDrewGB: RT: Kyrie
Like: Curry https://t.co/gFM1C9z0t5",Promote your #running product to 1000s of #runners in a 'top Xmas running gifts' opp. Contact me for info! #ukrunchat #journorequest,You‚Äôre hoping a diplomatic approach to an adversary will preve... More for Cancer https://t.co/owmEMYS9iH,RT @gyllenhaaIl: so the neighbor just sent my dad a message on facebook.... https://t.co/5DACgVGVGa,@WellDoneCast Duncan disputes that Jamie could fight a small bear and that Janina wouldn't just let Sylvie win out of kindness,RT @minhyuksweg: how many water bottle hits will it take to find astros sanity? the world may never know https://t.co/IeKEejMwQJ,RT @HealingMB: Super Foods .. Honey and cinnamon have been long known for their holistic benefits #Nutrition #Healing #Diet #Health https:/‚Ä¶,"RT @sidebae: stay single until u meet the guy who never stops trying to keep u bc he knows getting u wasn‚Äôt the hard part, but giving reaso‚Ä¶",RT @tripleogyan: Mindin mine staying outta yours. https://t.co/kXmGpnkTxm,"RT @Sal0630: Coworker: *starts talking to me*

Me: *hits gong* No.",RT @DanLukeYoung: Hope calm returns to #Cumbria #NotJustLakes #LakeDistrict soon-friends r safe @keswickbootco @glocky9 @glockyk9‚Ä¶ ,"RT @jiminitized: remember when bts were told to do a wake up call on radio, while hoseok and jin went with it sweet then jimin just-
https:‚Ä¶",RT @Andy: Incredible https://t.co/epw5G38RPp,RT @neverknownfacts: Sometimes the bad things that happen in our lives put us directly on the path to the best things that will ever happen‚Ä¶,@deaf_dope Wonderful! Plz dm me so we can set up a date. And I‚Äôll start letting the principals know,RT @vantaekim: hoseok‚Äôs hands https://t.co/wjRVlWPJJY,Local Weather: Today 5 Day Forecast: https://t.co/ifd7nEdMwM,"KNOWING ABOUT WHAT YOUR IMPARTIAL FACE DO, CHECK THESE: - https://t.co/MQmMSi5tf1 https://t.co/LKJ34FmDsi",RT @RobiHeartJimin: I bought an acre of land in VENUS for #JIMIN. Pls share so he will know he now owns a part of his ruling planet.‚Ä¶ ,"RT @STAR: Your girls are back TONIGHT at 9/8c for an epic new #STAR, right after @EmpireFOX. üéß RETWEET if you'll be watching‚Ä¶ ","""People overestimate themselves in domains that are central to their self-concept."" Christians do this re religion. https://t.co/lNEEoAs03Y","I entered a giveaway for a chance to win ""Bakefuntime Silicone Baking Mat with Heat Re..."" by Bakefuntime. https://t.co/6jR0044aZe #giveaway","RT @Dane_i069: Man juice tastes sweeter on your lips 
#üí¶üçç 
https://t.co/nRVy2DMpCe",@Ebreezy09 Hold that thought was they alone when it happened?,RT @PornCorn_Video: By investing in https://t.co/ghseS5zrFq you help create the best entertainment service for adults! #PCC #ICO‚Ä¶ ,"I cast my Heisman ballot for #SaquonBarkley! Click the player you think deserves the @NissanUSA #HeismanHouse vote!
https://t.co/foY3Gjgixf",GUYS https://t.co/vnzKDkHswq,RT @livepositive11: Seek out positive people instead of trying to change negative ones. Don't expect others to facilitate your change. Cont‚Ä¶,@MrAtlEagleXXX @BearSelfies Dropping to my knees Sir! üòõüòãüòç,"RT @kpopchartsdata: iTunes WW ‚Äî Songs:
#51 GOT7 - You Are [NEW]
#113 BTS - DNA [-11]
#210 GOT7 - Teenager [NEW]
#219 NU'EST W - Where You A‚Ä¶",amazing is not it? on our store: MEIKING Face Crea... Check it out here! https://t.co/JZXjmsFo7t,"RT @CREAMHOSEOK: today, i wanna say your sexuality does NOT define you as a person. be proud of who you are for who you are. #NationalComin‚Ä¶","@FoxNews @POTUS @SebGorka @zeldawilliams I hope you see this n‚Äô work it, Girl.",RT @brightlights333: Everyone knows guacamole costs extra.,RT @__daniiinicole: I'm so glad my mom isn't strict on me lol yet I never take advantage of it bc I love to stay home...ü§í #introvertproblems,"RT @spankyevans1: Better keep yo shit on you, you never know üòÇüòÇüòÇüòÇüî´üî´üî´üî´ #MemphisTN #901 #STOPLACKINCHALLENGE https://t.co/mwJxpRvg5q","RT @kennagq: Maybe Jose is being deliberately cryptic so Liverpool will plan for fellaini and he unleashes pogba 

Felix the wily fox",RT @Diaryforcrush: You will always be that person. My person.,RT @BIackPplVids: Lmfao  https://t.co/wcpMXyLCm5,"Bet ¬£10 on this &amp; get ¬£40 in bonus funds
üëá with BetVictor! 
https://t.co/pgQfNpwZQp (18+ &amp; T&amp;Cs Apply) https://t.co/RumCrO6i3o","RT @AndyRichter: When they say ""nothing could have prevented this,"" remember they mean nothing but laws that have lowered gun deaths in oth‚Ä¶","RT @Sethrogen: If you're offended by someone saying ""cracker"", it's a good indicator that you're a motherfucking cracker.","Welder / Assembler, #Richmond, #BC, #Manufacturing https://t.co/S5o8OFrRQC #job #hiring",jaebum who,"The load on my plane doesn't bothers me
As long as I know how to trim it and spread it",@SenSchumer Mr. Schumer we need a sophisticated plan. This requires superior analysis. Banning guns is not the answer.,RT @selfscape: I disappoint myself,"RT @somalijawn: ""sad. very sad. tragic. good people. im a fan of country music myself."" https://t.co/jiz8pebP1i",What the hell is USA coming to?  We have a dictatorship now? https://t.co/YOFONftlnB,"RT @FluffSociety: If this isn't the live-action remake of Bambi, I don't know what is. https://t.co/Wwflpv9Y00",Backstreet Boys - 1997 -  Regis and Kathy Lee  - QPG/AFY (@_BoysOnTheBloc) https://t.co/h3zTtAFzzl,RT @OldMagazin: New Year's Eve Ad Original #Byrrh aperitif vintage poster https://t.co/HoCC1Kmo4U via @Etsy #Etsymntt #vintagead #memorabil‚Ä¶,RT @babylexx_21: I don't want to go through any of this without you,RT @gberardi16: happy birthday! @JohnLockhead18,"Announcing JAMA Network Open, a new #OpenAcess journal from The JAMA Network! Learn more at https://t.co/7TDDTIfIlx‚Ä¶ https://t.co/aWUHAccx7d",@Bird1959Dt Well done my Man !!!,RT @bhweingarten: Peak Orwell https://t.co/xIpz4xh1jZ,"RT @bIoomyoongi: Don‚Äôt ever let me come down from your love,
From your love
#ARMYSelcaDay https://t.co/w42gZBovVT",Epic https://t.co/ltSTGiolkH,HAPPY BIRTHDAY hunnnnie @Jshann_ thx for laughing w me everyday‚ù£Ô∏èi hope today is your best bday yet!! JARET4ANCHORM‚Ä¶ https://t.co/lOpMo5TDfr,BOGDAN ALIN OTA - Story of my life(Amazing song and performance) https://t.co/T0Bt2S172a,RT @tabanchuling: Share this lucky infinity onion ring in 30 seconds or forever kang single. https://t.co/OVJWofZDv0,"RT @important_pod: October 3 = Episode 3

Steve and Kyle rank the Power Rangers in an 8-seed bracket. 

#GoBilly #MMPR #PodernFamily

https‚Ä¶",@BieberHyungnim I'm already at this point of my life where I can let go of people and never ask them to go back,"RT @sanguinetae: [üá∫üá∏/üá®üá¶ GO] [PLS RT]
CHARM BABY STOCK SALE (@ISUGA93)
üíµ 30 USD
üîö TBD
üìã https://t.co/oEMaKKCF8F https://t.co/NzQb9YK8w7",Nell,"RT @Juice2Wavy: On the next episode of ""bitch we been knew""... https://t.co/oaqBUXJI23",All I see are a bunch of hectors in schoolüëÄ https://t.co/unZoIs2cj4,"‚ÄúThese aren't the same old Lions. They are 3-1 (with a bit of an asterisk on the 1). They made the playoffs last year...‚Äù
#OnePride",RT @AstasiaWill: A mood. I love New Orleans. https://t.co/sSRISjb7hN,"RT @KrashNek974: üéÅ#Concours | #GiveawayüéÅ

üî•Win 25‚Ç¨ #iTunesüî•

üîÅ#RT + Follow
‚Ü™ @KrashNek974
‚Ü™ @TheNewFamilyCR
‚Ü™ @TNFcup

üçÄTAS/Draw: 50‚Ä¶ ",RT @bhardwaj_riddhi: Coming back crying and after hearing #HumNahiSudhrenge started dancing like mad! U stopped my tears! Thanks @AmaalMall‚Ä¶,Friday is the one day of the week where system MUST shut down.,@Callmeeli__ Shit no üíÄ I been on twitter most of the day,@thenewarucan There's so much about it in japanese that i love?,"RT @Purefy: Tired of making sky-high interest rate payments? #Studentloan #refinancing can #save you #money, find your #rate: https://t.co/‚Ä¶","In 91, I was bankrupt. In 96 started a biz &amp; 7 years later sold it for $20M. https://t.co/Ypm2SSeYJo¬† #startups https://t.co/0rP4U1D3dJ","for citation, both came put this year",RT @Fact: It‚Äôs better to be alone than to be in bad company.,@Jaokhun777 @kkeynee yass,Love being over paidü§ë,RT @CANDYKPR: #ElsaJean gets stretched apart by a GIANT cock... #BBC #Interracial https://t.co/jbFKIe5jVV,2 people unfollowed me // automatically checked by https://t.co/ZMVsdGIat8,"Nobody don't miss to listen this exciting song 
¬†300M Views On¬†Kala¬†Chashma
https://t.co/ObUkVJiWYa","Fun Learning Activities for your preschooler this summer.

#childcare #education #preschool",Morning all üòò,RT @archivesjk: did he really just do that https://t.co/jvo5VmbfKM,RT @sachin_rt: My best wishes to the @IndianFootball U-17 team for the World Cup! Enjoy your game &amp; chase your dreams because drea‚Ä¶ ,@_GEN1_ @youngthegiant DUDE ME AND @kerimeaway WERE THERE,"RT @apodkul: The best part of this NYT chart is that they didn't have enough data for Wyoming when it came to ""households withou‚Ä¶ ",This milkshake brings all the ducks to the yard https://t.co/ZlzfmkDCEE,"RT @cherierdman2016: watch
https://t.co/tMTPR13x7A

#ProjectRunwayŸê 
Rush Hour 4Ÿê 
SonicFoxŸê 
Lil PumpŸê 
Cameron BrateŸê 
As ACAŸê",RT @TwitterMoments: Jackie Chan (@EyeOfJackieChan) says that #RushHour4 is a done deal if @christuckerreal says he's in. https://t.co/UIiAJ‚Ä¶,1 HOUR LEFT,RT @LickMeFrosty: Another vid sold! Creampies Two Ways. Get yours here https://t.co/xfbGnIZZpj @manyvids #MVSales https://t.co/XGBrFdRANu,RT @osnapitzniall_: CONGRATS TO ALL YOU WHO ACCUSED ZAYN OF CHEATING YOUVE OFFICIALLY PUSHED HIM OVER THE EDGE I HOPE YOURE HAPPY WITH YOUR‚Ä¶,RT @trippieredd: https://t.co/bTizi9WjI5 OUT NOW !!!! https://t.co/idXPdTnoUe,RT @FreewayRicky: Earlier with @Kenny_Mixx @PatchwerkStudio listening to a dope mix https://t.co/fWEL7dIAoY,&lt;Ma Story - My Addicted Wife Comes To My Office Secretly Make Love to Me - Man Discusses Bad Romance https://t.co/orIUlFy4OD,"Why not? It's been Kentucky's number one cash crop, since Abe Lincoln was born https://t.co/qqqtaqC0OH","Holy crap. I'm hoping those images are ""photoshopped"" and our society hasn't devolved to airing that filth on regul‚Ä¶ https://t.co/s4oahdc6dV","RT @Karabo_Mokgoko: Oh man, loved Mthokozisi‚Äôs rendition of AKA‚Äôs ‚ÄúCaiphus Song‚Äù. Thembisa! The wedding, dance! Beautiful! üòÇ even AKA‚Äôs sho‚Ä¶",Career mode thread. Quick poll,when did you start to stan 2pm and wanna one ‚Äî wanna one right from the start and 2pm i think was ... https://t.co/VC2vTZ5g7p,"RT @defendrealemo: next time there's an active shooter will yall spam this pic and make news sources think i did it

and use the name‚Ä¶ ",RT @lorde: so obvious but when feeling confused/comfortable/lacking inspiration in life or work you really just gotta go see something awe-‚Ä¶,"Mane what? Cutting you off didn‚Äôt mean a thing, I got two brothers I don‚Äôt even talk to. Get over yourself üíÄ",Add a message to your video https://t.co/RcuMycRF0u,@ClockworkChloe YOURE GOING?! best news,RT @JimmyJamesIV: We out here respecting women AND saving lives https://t.co/ANSd0X3Lpw,"democratandchronicle‚Äã.com &gt;&gt; Bills inactives: RG John Miller, DT Jerel Worthy, CB E.J. Gaines https://t.co/pDQlnaqqBE",@RomanxPMF after the videos came out it‚Äôs over that nigga guilty,RT @Ericthomasbtc: You can‚Äôt compartmentalize greatness !! Average in one area can spill into other areas. https://t.co/wSLL765N3P,RT @iamvega1982: Bobby Portis 3  &amp; Talking Some Smack https://t.co/Q7XmCKUhIe,I can do ALL things through christ who strengthens me üôèüèæ #GoodMorning,why tf am i reading these https://t.co/9VZzj7ypIN,"RT @wtffell: Fans: let‚Äôs boycott and not buy the tickets 
Limelights: fuck you bitch click click 2 sold out shows already",@DavidAustin2012 Glad to see you are enjoying!,No. you guys have one as well? https://t.co/1AMaOVtGqm,"RT @AmericanHotLips: ""Are you having a boy or a girl?""

#BadWaysToStartAConversation",@lannahhasola wat if i freeze time and take a nap and unfreeze time and feel refreshed,i should cc to jangjun so that i can make rated jokes.,I want to go to a horse race !!!,RT @FerrariRaces: The stunning #LaFerrariAperta leads the #Ferrari Parade on the legendary @autodromoimola. https://t.co/58cUtIzggV,RT @chaangkyvn: favourite namjoon mutuals ‚Äî kayleigh and carys https://t.co/jOeBhdlt5o,"#DYK: Resale certificates provide info on the #association you're considering buying into? 

Learn more! https://t.co/9EZK3Ck0Zi",@ahadrazamir @iTweeety_ MashahAllah he replied you üòäü§£ü§óüòÇüòúüëçüòéüëåüòÑü§ù,"RT @x_prettygirrl: , im not clearing shit up üòé no rumors üôÖüèΩno sneakdissingüôÖüèΩ no nothingüíØ believe allllllllllll that shitüòä",About to catch up on so many projects and things I‚Äôve been wanting to do for myself üíõüòå,Happy 2nd bday to Cocoa &amp; Vanilla!!! üíôüíúüíôüíúJo‚ÄôLena &amp; Jo‚ÄôAnn are truly‚Ä¶ https://t.co/uJU9WZm3d3,Finish or Fail: 2017 Anime #3 [Dark Side]: https://t.co/75crmlWZvp via @YouTube,RT @sidmtweets: See how this nationalist used to question legitimacy of unsecured loans.  Miss that old India https://t.co/X4FVz647X8,Some fall colors for the entrance of  Tropical Shores . #autumn #festive @ TSNA Tropical Shores‚Ä¶ https://t.co/j3aE0xOu97,"RT @Patriotic_Va: THANK YOU VP PENCE!!
Standing up for our flag! 
#Stand4TheFlag #AmericaFirst #MAGA #BoycottNFL
https://t.co/VIa3lZQ0xY vi‚Ä¶","RT @beauty_jackson: ""Some women use birth control for..."" I use it for sex. A human activity. Idgaf if you don't think I should be havi‚Ä¶ ",@kirkkorner @totalcrime I can't wait to hear what he is going to say he thought it was. üêÇüí©,RT @gamngbizzle: üê® Follow everyone who RETWEETs this.,RT @djsnake: I Just Woke Up &amp; I‚Äôm Tired.,"RT @GovMikeHuckabee: I was at public event and ppl starting ""taking a knee."" I was going to walk out in protest, but wife told me it was ok‚Ä¶",Inspired https://t.co/wStU3M3VHu,RT @DriveCoin: This is an explainer video about CoinDrive from the perspective of the gamers. https://t.co/O00DLMAbRz,RT @MeninistSports: how can anyone hate Westbrook https://t.co/2KeHIue2h1,.@StephenAtHome scores an exclusive interview with the President. #LSSC https://t.co/zPhILe54r3,NASDAQ Futures Up Ahead of Big T-bill Auction - Futures trading w/RAUL $NQ_F  https://t.co/maMXgxCG6L,RT @rulerofwind_sh: A live for exo being proud of their maknae ‚ù§Ô∏è https://t.co/jFgV7RAq5e,"@chrgdup1973 @kwilli1046 @FoxNews You can see Bill‚Äôs embarrassment , it‚Äôs all over his face when he decides to show‚Ä¶ https://t.co/7bXiSdc2Zw",RT @ALDUB_Joy25: @edz16thesza @ALDUB_POETweets @diwata0717 @34thKingSniper @jophie30 @PrincessYelena @irmaroxas3 @chrismabien2‚Ä¶ ,@studioghihbli I DONT LOL,RT @TurnTidePlastic: From becalmed to this. Gibraltar Straits make getting in the Med tough! https://t.co/UHtp0ajlul,"[HQ] 161205 D.O. cr.MIDNIGHT BABY
https://t.co/K0pLhjUbgG
https://t.co/Hk1Hl9kuP4 https://t.co/sffNvCqcPi","#MaliCute #Sexy Check my Blog, updated new pics https://t.co/7zYTHAeIGu https://t.co/4f0B1IaLDo",RT @1SydNicole: Lol idc how much I love somebody. This will never happen https://t.co/GpxfYuJ5OQ,Why Drinking Hot Water &amp; Lemon In Morning Is Amazing For Weight Loss https://t.co/GnLUaBSUIW,"RT @BelevgEvgeny: ""Let's Try #Nmap ! Part Two: Zenmap and Commands"" by @kim_crawley @Peerlyst https://t.co/4MsOJF5j5r",@_GodHerSelf_ Thanks for that callüòçüòçüòç,RT @The_Trump_Train: ESPN host Jemele Hill has been suspended for making racist comments towards President Trump &amp; other outrageous stateme‚Ä¶,RT @Ediffied: Stupidity is when an individual takes their precious time to repeat the same wrong things again and again intentionally.,"RT @GoalsBible: His face.
His smile.
His eyes.
His voice.
Him.",RT @Flege1: Can we make one night last forever?,RT @JenniferBroome: 26¬∞ to start day.....brrr! #cowx,"RT @askmenfess: [askmf] Wow, Kpop. I'm quitting.",They'll see what you did and they'll see you as an accessory to the crimes of your father. (E3 Potage),RT @LooseMusic: 1 week left to get your nominations in for @TheAMAUK Awards: https://t.co/wX1g3cqP02 For your consideration:‚Ä¶ ,"RT @soomshi: Dentist: open up
Wonwoo: sometimes i really feel like its hard to express my feelings so with our song Trauma i decided to wri‚Ä¶","RT @linbea945: we had 3 different taxi together from hotel to Copenhagen airport n came out 3 different prices.....215kd, 290kd, 355kd.....üò≠",RT @BabyAriel: FOLLOW YOUR HEART &amp; DO WHAT YOU LOVE!!!!!!!!!!!!!!!!,"RT @thebradfordfile: AMERICA: Liberal values. Don't act surprised--there's a theme.
Weinstein, Weiner &amp; Willy: I'M WITH HER. https://t.co/e‚Ä¶","RT @HypeMarketingHQ: CAREERS‚îÜThink a career in #DigitalMarketing could be for you? Have a read of our #Careers page! #Norwich‚îÜ
https://t.co‚Ä¶","Trump has lost the loyalty of his staff because of his terrifying incompetency and frequent screaming fits.

Trump voters remain loyal.",@BastianBuxMusic Very true!,@carlreiner Trump hold it up like a restaurant menu!,RT @merslay: Ok now this... this is love https://t.co/nEI7UVRi1V,Simple Pony Hair Styles | Every Day College Hair Styles Tutorials For La... https://t.co/4t43xYygpR via @YouTube,@TheLincolnList Google is consolidating and probably headed lower. It's overbought.,RT @NiggaTarzan: Damn nigga how old am I? https://t.co/kq1kAt2HJN,"RT @TrashMobMinis: #PaperMinisTip: You have 1.25"" to communicate a creature's personality. You don't have room for subtlety, exaggerat‚Ä¶ ",RT @ForeignPolicy: Mariano Rajoy‚Äôs use of violence on protesters was an authentic expression of Spanish conservatism. https://t.co/RoJWLosW‚Ä¶,"I think I thought of my next remix after ""Arm Day""

Backstreet Boy's ""I want it that way""

remixed 

into

""I Hate Leg Day""",3 Reasons It Matters to Believe God is Relational ¬∑  ¬∑ Thomas Jay Oord https://t.co/x7yH0ZuHS0,Vote Democratic this year and next year. üá∫üá∏ #ChanceToFixIt First dump the @GOP and then we tackles the issues. https://t.co/PqqpHnEKh8,RT @NewElementMusic: #MusicThursday #Collaborative #Spotify #Playlist https://t.co/BGsTGQWXuJ; with @RalfDee @jaaynsmusic @GJARTmusic @VeeB‚Ä¶,"im a mess srry its just that its lunch and my friend is absent so im here ,alone n bored, n hiding my phone from th‚Ä¶ https://t.co/Xp1Bc0Sn3e",@TwitterSupport how I can connect my account with facebook,RT @BillRatchet: the day has come  https://t.co/PbbejQEBGl,RT @sddoba: 10-12 The Goddess of Love used to take her bath in a cool pond... #polis https://t.co/m1mFbCi2mt,RT @kirby_cho: @MizbevyWilliams says we need more repeal of #manmins @GBinterfaith @LWVMA supports https://t.co/cqkpJT2q8P,"RT @donMiguelRuiz: Every activity of your life can become a ritual of love--eating, walking, talking, working, playing. #donMiguelRuiz","@JoeCostello Wait, so you believe that we have mastered weather?","RT @KingDrunkard: You know it‚Äôs a funny world, when it‚Äôs easier to make people laugh by simply stating the obvious.","Got out of class early , had one cass cancelled and don‚Äôt have to go back until 2:15 = laying in bed watching a movie with candles lit üòç",RT @NME: 25 years üíé #ThereIsALightThatNeverGoesOut https://t.co/MCjwrcxnSu,"RT @TealMondays: Let‚Äôs be the generation that puts a stop to workplace sexual harassment

https://t.co/wctJR1JL74",RT @GlitteryWelder: @KevinM180 Lmfao ur so fuckn crazy!!!! Hahahah omg i needed that laugh!!!!,RT @courts_bailey: so awful knowing that people are willing to hurt people just for the sake of products / items of clothing.,"RT @PollsPopCulture: Which Lea Michele album is your favorite?

@LeaMichele #places #louder #themayor #themayorabc #glee #poll #wwhl #leami‚Ä¶",RT @KeepCaImTweets: You must find the place inside yourself where nothing is impossible.,RT @MarshallProj: We teamed up with @teenvogue and @corybooker to listen to the prison experiences of women and girls. https://t.co/iRkCY4y‚Ä¶,Jasmine gets on my nerves,"Good Boy, Buster!",RT @888LimoNow: ITS THAT TIME OF THE YEAR AGAIN. HALLOWEEN HORROR NIGHTS LIMO OR BUS PACKAGE. BOOK FOR 10 GET 2 HOURS FREE #limonow‚Ä¶ ,"RT @FarmFairyCrafts: National Free-Speech Martyr @Friday_Rick Fired for Being PRO-Farmer:
https://t.co/kTMFvfUoOd
https://t.co/D5RonyrGGQ
h‚Ä¶",RT @Ultimatezking26: Fast fifa 18 4600 FP giveaway any console/device Rt and follow winner tonight fast https://t.co/Fh74WJH2wL,"Shoot for the mnon. Even if you mjss, you'll land among the stars. -Les Brown",@HockeyRenegade Same here!!,RT @EBGamesCanada: We're giving away two custom consoles to celebrate the launch of #TheEvilWithin2! See how you could win here:‚Ä¶ ,@PixelPerfex Do you have an estimated date for this patch?,"RT @RepBillFoster: As the only PhD physicist in Congress, I know that any attempt to throw away the #IranDeal will make our country less sa‚Ä¶",RT @0221x0329: 170611 Marie Claire Taiwan https://t.co/GkF656NMqC,"RT @Rapmonies_Brain: VOOTE and celebrate JIMINIEE Bday ARMYs üôèüôè
We are lagging with a huuuuge difference right nowüò≠üò≠
Dooo VOTEüôè‚ô•Ô∏è https://t‚Ä¶","@DogUmwelt @DogSpies @McConnellWrites @NYU_ASI My oncologist said ""see you in a year"" today so that happened. üòÄ But‚Ä¶ https://t.co/HgPDpk2f4O","RT @ManUtdInPidgin: Breaking News: The Goal wey Antonio Valencia score against Everton don win Goal of the Month.

‚ÄòOne Way‚Äô for Presid‚Ä¶ ",Win a trip to LA and two tickets to the Engadget Experience!  https://t.co/UHIW0EuTYa,RT @captionistic: Always fight for the things you love.,RT @WordsPosts: I hate low batteries during important moments.,RT @Adel__Almalki: #news by #almalki: Puerto Rico mayors play outsized role in hurricane recovery https://t.co/BGcuVoIJE3,@Cathh8 Lol girl I‚Äôm just teasing!,"Check out the new Store! Presented by @spector_art 

Coolest Art in Philadelphia is‚Ä¶ https://t.co/rBr4oVjcoB",every second of fear is a dollar in their pocket... FUCK AMERICAN JOURNALISM (if you can go that low and call it that),RT @angiepastor74: Dumplings.@thebarakogirl @Samemknox @irmaroxas3 @filipinofood @BatangEBako @Jamvihar @royjison @aldub_iyam‚Ä¶ ,@FrankIero it was entertaining just not scary. personally I enjoyed it,Authentic Louis Vuitton Monogram Totally MM Shoulder Bag Tote https://t.co/n7IFTMrOIn,RT @riotwomennn: @RVAwonk @HeideggerFan Their emails: https://t.co/V8l18enonH,"RT @ArsenalInPidgin: On this day for 2015, we yansh Man Utd 3-0. Ginger man score 2 &amp; Ojulari 1. #AIP https://t.co/1ZjqYWJHTa",RT @NoelleTonnissen: .@CongPalazzo No Voice...No Choice...Only Fear...Agony...Hell... PLS‚ùó#CoSponsor #Hres401 Be Their Voice‚ùó‚Ä¶ ,Look at our miami waves üåä. Slytrainingmiami @ Slytrainingmiami https://t.co/T55wrsLjui,DHS cybersecurity mission facing real challenges https://t.co/iAyDS9kRna @CyberScoopNews #DHS #cybersecurity https://t.co/2tTUxdUk4b,N what's more crazy about the situation is that it's always black turning on blacks!!!,@levelsio There's also this other school of thought ... https://t.co/1OtQgb1Apk,RT @RyanAbe: crazy how single I am https://t.co/TFIyXNka4e,RT @amtelasi: ruhsar behind the scenes ü§î https://t.co/8e0jr4AKrX,"@RHeroesresist @WolfKJM Yes, they are clueless.",@autumn_lyle @koreykuhl Yessss same,"4 Step Script to Recruit into any Business
https://t.co/BpSH5apadB #recruiting #MLM https://t.co/hBAkrbEFZW",LOOOOOL always https://t.co/9pKlyknfp8,"Eric's gf is a 6'3"" freckled girl who builds computers and is shy
https://t.co/sPCu8JKtat","@SouthernHapa @klutzyplum @RonaldKlain @michellesplant Etc, etc. and it's used to that end well over 100 times more‚Ä¶ https://t.co/PYBtSQHSeW","RT @tingyytingyy: [Trans] @.GOT7Official 's weibo 

#BamBam #7for7BamBam https://t.co/KQXYdAvIxu",@tacobell I won an Xbox One X from you guys! When do they send out? https://t.co/GzACQuN7kP,Confirmao' https://t.co/6PWby19HLl,"@LeoV_TCE genetically modifying sex chromosomes using CRISPR could potentially work, but risks associated with the‚Ä¶ https://t.co/qw9gbqvAq8","/ maki3594 
https://t.co/BK9LQ0BBeN",RT @wesrucker247: #Vols DL coach Brady Hoke said he's pretty sure Soph DE Darrell Taylor will have to sit out 1stH of South Carolina‚Ä¶ ,Happy birthday Lucy! Hope it is a good one! @DeangelisLucy,RT @GirlfriendNotes: be a pretty girl with a pretty heart,@zerohedge That's helpful,Def you. https://t.co/mlpNHsaX1h,RT @lajarviss: this sums up our relationshipüòÇ https://t.co/TzesE3Nu3O,RT @bellathorne: I'll sleep when I'm dead,RT @jrdnevet: lemme get uhhhhhhhhhhhhhhhhhhhhhhhhhhhhhhhhhhhhhhhhhhhhhhhhhhhhhhhhhhhhhhhhhhhhhhhhhhhhhhhhhhhhhhhhhhhhhhhhhhhhhhhhhhhhhh my‚Ä¶,ASPM is pleased to welcome Park West HOA residents as the newest addition to our management portfolio. #Welcome‚Ä¶ https://t.co/nG0y3cy5RV,We are currently experiencing an outage with the library system and catalogue. Renewing and searching for items... https://t.co/ZXXtUKt58K,"RT @blxbb: In Puerto Rico,
""Fire to those who oppress us""
""No white nor rich represent us"" https://t.co/SLroix0flu",RT @totalgolfmove: Golf is weird bc you can look like a mini-tour player one day then look like you‚Äôve never picked up a club the next,RT @Bossip: Retired Culture Vulture Miley Cyrus Returns To Her Pancake Twerkin' Roots To Countrify Some Cardi B‚Ä¶ ,"RT @stevekrohn: Say hello to the Home Mini, Google‚Äôs $49 answer to the Amazon Echo Dot https://t.co/dRUwfKdbu7 https://t.co/YCJAIU4gJu",Self reminder üòá https://t.co/ubI8UTbh9J,@TheKenyaYT Overwatch pc,RT @chavarria106: @briaanperez1 U know I had to screenshot that cute ass picture of Alexüòç,Trying to share pics with families via @googledrive when not everyone has Gmail is just about to break this Kindergarten teacher's spirit.,Ahh Toonton...,RT @DutchMaldini: Pogba and Martial both asked and received penalties of Zlatan last season. https://t.co/Bx9fEVp7Rk,RT @sosadtoday: need to warn you that i'm going to be a disappointment,@LiamMcEwan @BTS_twt Thank you for supporting the boys!! üëçüî•üíïüíï,"RT @apostlelaurinda: @POTUS @VP ISIS publishes previously unseen photo of Las Vegas shooter, hails him as ""lion of tawhid""‚Ä¶ ",RT @JackieC1989: ‚Äúcontraceptive mandate was one of eight women‚Äôs health benefits designated by the Institute of Medicine as an essen‚Ä¶ ,@MESSYMONDAY I‚Äôm actually sad,"RT @WTA_insider: Final @ChinaOpen set:

Simona Halep vs. Caroline Garcia.

Halep 2-0, last meeting in Toronto, 6-4, 6-2.","The Top 25 #College #Football Stadiums in America, Ranked @Thrillist https://t.co/jmKwy9wVJs",RT @Kittmelia: @tccandler I vote #FahriyeEvcenOzcivit @EvcenF from Turkey #100beautifulwomenof2017 #tBWORLD2017 @tccandler‚Ä¶ ,RT @EricLuke2: Tory Island 40 years ago...from my old negatives #Donegal #Nikon #35mm #photography #WildAtlanticWay #myoldnegatives https:/‚Ä¶,RT @btsbeingbts: JIMIN IS SO EXTRA https://t.co/phWoTuRGGe,Idk how to be broke .,@ooCLANoo Good luck lads,Although you don‚Äôt want to wait for all the wonders of the fut... More for Aquarius https://t.co/7pkrlVuYTp,"RT @THM_Off: #Mersal
THALAPATHY BLACK LA VANDHALE MASS THA üòé https://t.co/1eKGmNC05S","""A Means To An End"" by Joy Division (‚Ü∫RT‚ù§) https://t.co/3JcxY0obAh #AMeansToAnEnd #J",Highland Park Moving Companies https://t.co/vN1RjW3mMS #HighlandPark #NewJersey #MovingCompanies #nj #jerseycity,RT @KingMiller_: Racist Twitter finna have a heart attack seeing veterans taking a knee https://t.co/tJ9akn0O6N,Happy Birthday to my bro @cbake_24! Love ya man!,"RT @okaystanley: i told you bill. i fucking told you. i don‚Äôt wanna die. it‚Äôs your fault. you punched me in the face, you made me wa‚Ä¶ ","RT @zutterXtrash: [EXO &amp; BTS GIVEAWAY]üî•

Hosted by @zutterXtrash &amp; @Kiwigi_16_GAs 

This is for my people who have the pleasure to st‚Ä¶ ",RT @dv9l_: phi for #cutiesaturday https://t.co/miIGDq96tZ,"RT @jfagone: ""The Friedmans‚Äô story feels so refreshing, and necessary, now‚Äù: THE WOMAN WHO SMASHED CODES reviewed by @sfchronicle https://t‚Ä¶",#BIBLIOTHEKderTECHNIK @ #digital! #interaktiv!#kollaborativ! =&gt; 1. Themen-Launch: 11-2017 - stay tuned! Powerd by‚Ä¶ https://t.co/1iOLZJze8c,"CLOT x NikeLab Air Vapormax Flyknit ""Bright Crimson"" AH2241-006 Mens Size 5.5 https://t.co/1qDrSSU93V",Gave her 3 rounds...now she proud of me üòÇüòÇ,RT @emiliaclarkest: she looks so happy https://t.co/bhYsR70Dcc,"RT @The7thMatrix: Off the waters of Hong Kong, a man has an unearthly encounter in THE FISHERMAN https://t.co/bcxpWFEmkb via‚Ä¶ ",The latest Social Marketing Daily! https://t.co/Q7EKBS9tw2 Thanks to @r_uttamchandani #socialmedia #marketing,im wearing LAYERS and its supposed to rain https://t.co/C3ay7EZ5qQ,RT @allkpop: #SHINee open up official Twitter account! https://t.co/bXT902G0gg https://t.co/6xYuvNGmXx,Someone tell me of how to stop worrying,@garthbrooks waited 20+ years to be able to make it to your show... blew away all expectations! Thank you!‚Ä¶ https://t.co/0omYkvfeU1,Cherry Twist a ready woman https://t.co/NduBXxtHXB,Oh wellü§∑üèª‚Äç‚ôÇÔ∏è,"‚ú∞ ‚ú∞ ‚ú∞

Must FOLLOW
Re-tweet Likes

Cek Bio
‚òü
@temankasurku 
 https://t.co/EQ1mWlYJZ5",RT @SenatorDurbin: I thought it was Mexico who was supposed to pay for the wall. Now the President tells us it's the Dreamers.,RT @NoChillPosts: Dad in the back was nervous as hellüò≠ https://t.co/7NemvE5lph,"RT @Dory: 18-22 is a confusing age. I got friends getting married, some in prison, and some still have to ask their parents to stay out pas‚Ä¶",RT @ITSBIGQUIS: HOES LIKE https://t.co/Dj8nSohciW,#California is kind when it comes to providing #illegal‚Äôs with ID-gave 800K illegal aliens licenses  https://t.co/OnLYNu6UBd,RT @BleacherReport: BYU came to shut it down üî• (via @cougarettesBYU and @BYUCougar) https://t.co/JwFtrP8Iw2,RT @NATSIHWA: We're here!!! Come and visit our booth if you're at the #CATSINaM17 conference!! @CATSINaM #natsihwa https://t.co/vkYctu3RDx,RT @BruhhhComedy: When a bitch try saying she not a hoe but you already know the hoe fax https://t.co/fODfrvq37I,@TomBakersSocks Their king is Llewelyn the Sly,RT @therealDJAshB: EVERY OPPORTUNITY IS A BLESSING. IF YOU DONT TAKE ADVANTAGE OF AN OPPORTUNITY A BLESSING WILL BE BLOCKED,RT @JonesIam_: I don't believe in luck you either make it happen or watch it happen,@fishoinc Rick:  Now we know why Madonna left the United States. Too much stuff taking place in our great land USA. Oh dear..,Feely must have been hanging out with Foerster before working this game bc this is just awful https://t.co/A1xWDgBP6e,RT @day6ists: 7. what the fuck https://t.co/oXkqPmRv0V,RT @lokcheung: Going home now. Bye #NewZealand! It had been great! Thank you @metrogallerynz for this trip! (at @akl_airport) https://t.co/‚Ä¶,@edguygz @Edmon188 @SLAYERSWINE @riptrianaphotog @mgroveau @unknown_meuknow @UniqueHiFi @M6NSTER @nowayjeff‚Ä¶ https://t.co/rYohmgpVxf,KSN / Accident Recovery Team umbrella giveaway Official Rules https://t.co/8hlmLnLkeg via @KSNNews,RT @KIANAYOUNGG: i aint da type u gotta lie 2,#MrLemoncellosLibrary The popular girl and the jerk doing the innocent lil boy like that!,RT @bangtanbabe7: not sayin bts needs to perform mic drop at mamas with back up dancers &amp; have everyone drop a mic at the end but that‚Äôs ex‚Ä¶,@mcanea @RichieSadlier üòÇüòÇüòÇ a surname,"I don't know how I feel about #CanyonFire2. Perla__grier said, ""RT TheRealKLawson: Sending up prayers to everyone in Northern California...",That's friendship https://t.co/JlFcojadnh,"You wanna buy Jordans,cool, you wanna travel, cool lol do what you want with your money when it comes to your interests",Compliance can be intimidating. Let @Solutionreach legal expert @tomskin help. 10/11-Register NOW to get a spot -&gt;‚Ä¶ https://t.co/Z5zChTYjjO,Listening to people talk I noticed it's always Mister Can't Get A Girl that thinks he's Mister Steal Your Girl lol it's sad,"RT @CancerTweetss: #Cancer as a partner is loyal, nurturing, and sensual. They make amazing confidants.",@nathsmcdermottt Being in quays is weird enough anyway,@sdemetrakis24 @RTH222 this is also not good https://t.co/oTji3yt17F,RT @marmite: Were you likely to be born lover or hater?,@Angry_Hux_Clone That‚Äôs what I thought lame-o!,Makes sense of why he‚Äôs an offensive LINE coach https://t.co/sUl713DsG7,"RT @chartsmcyrus: Worldwide iTunes Album Chart:

#8 Younger Now - @MileyCyrus (=) *#1 for 4 days* (12 days)

https://t.co/pOUdCv5g2i",üòàüòé hi you,"RT @PlagueOfGripes: ""Don't support microtransactions.""
""Shut up, poor person.""
""Seriously this will get worse.""
(later)
""HOW DID IT GET THI‚Ä¶","What do Twitter and ESPN have in common ? They both USED TO BE a place I went for sports news, now it‚Äôs a fucking political outlet. SMMFH","RT @BeardedddKinggg: When I pull up to her crib for her dick appointment and she‚Äôs not answering my texts to let me in. 

 https://t.co/oOO‚Ä¶","We need a 'Bigot Be Gone Spray"" for assholes like him &amp; @SecondLady 

Pay for your racist stunt
Stop screwing USA t‚Ä¶ https://t.co/FQvZHW7GaZ",My stomach is killing me üò©‚ùóÔ∏è,"RT @SierraSugar: .@realDonaldTrump @POTUS 
Mega fleets like Werner = less than 1/2 all #truckers on the road. Owner Operators make u‚Ä¶ ",RT @jellyflavor: 80's anime inspired sorta!! https://t.co/TN2Qyl0Zzm,"RT @TheDIYideas: ‚úèÔ∏è Meal Prep Recipe ü•ó
Chicken Burrito bowls = 350 calories 
üçú https://t.co/xWjTaUKIgf",RT @sean_spicier: The fact that Harvey Weinstein has to go all the way to Europe for sex addiction therapy is just another example of how O‚Ä¶,RT @heyWDYT: Win this soft luxury throw from @houseoffraser. #RT &amp; #Follow @HeyWDYT &amp; @houseoffraser to #win:‚Ä¶ ,S-Boy S-Boy,@YOUNGODOLAN yes please,RT @G_Rod01: don‚Äôt no nigga want a friendly ass female,you know l love you all on #BodyFixers you are an amazing bunch of people who change peoples lives for real thats why l love the show üíã,RT @emmerdale: Do you think Ross is hiding something? #Emmerdale https://t.co/icdoYWA4us,"RT @AnnaBellPeaksXX: I don't just workout... #istretch #longlegs #legsfordays 

#workout #iworkout #fitgirls #fitasfuck #workoutbuddy‚Ä¶ ",RT @fitzbirds: @sowonsera FINALLY SOWON WILL GET THAT MONEY FROM CHINA,Lunch yum https://t.co/HK1uL58FZg,"RT @digitomatic: #DigitalMarketing Tip #131
Answer for why should we do SEO for our website?
#SEO #GrowthHacking #marketingtips‚Ä¶ ","RT @CBSNews: ""Our country will stand with the American citizens in Puerto Rico until the job is done,"" John Kelly says‚Ä¶ ","My brother lost one of his really good friends last sunday, so this tweet goes out to him. 
Rest In Peace üåü‚ù§Ô∏è","RT @enenkay: Just found this old comic I don't remember drawing, but it is VERY mood https://t.co/uWAKrAToBz",RT @_emmoore: @JacksonDaniel50 I ain‚Äôt the one subtweeting :),RT @LaurenJauregui: @fireworkng @jaurewondxr Yeah and she also is half black. Like what's the point of adding that in?,RT @tessahilll: do my tits bother you? https://t.co/In0AL8V0CB,RT @Ronnywalekenhuk: @AdvBarryRoux I like this guy üòÅüòÅüòÅüòÅüòÅ,RT @Drebae_: LMFAOOOOOO my grandma used to do this. Be up in that rocking chair watching TV at the crack of dawn. Sis take your‚Ä¶ ,@TheNiceSmiler (kisses you deeply while cheeks are red),RT @charliekirk11: Coming up shortly on @FoxNews with @TuckerCarlson discussing @boyscouts horrendously inexcusable decision to allow girls‚Ä¶,"#Scorpio may seem like they aren't always paying attention, but they are","RT @ZachJCarter: Q: Why will there never be a coup d'etat in the United States?

A: Because there's no American embassy there.

POLL‚Ä¶ ","RT @CSGORoll: AK-47 | Hydroponic FT GIVEAWAY üéÅ

- RT &amp; Follow
- Enable notifications on CSGORoll
- Play Free Spin‚Ä¶ ","Jar not with liberty, but well consist.",RT @zacb22: We getting plates after? https://t.co/WXmo8lDNAJ,Dontari Poe: 6 tackles and 0 sacks. Bennie Logan: 16 tackles and 1 sack. #Chiefs,mannn..Actually Hadda Good Damn Day @ Work Managed knockOut Alot of Mess that Needed to Get Done,"RT @memetribute: Person: Name a cover of a song that was better than the original, bet u cant do it

Me: *without hesitation* https://t.co/‚Ä¶","RT @littleyasminnn: UK crowd VS Portugal crowd 

THE PORTUGUESE CROWD IS SO LOUD AND THIS IT'S NOT EVEN IN A LM CONCERT. Y‚ÄôALL DESERVE‚Ä¶ ",Is there a such thing as gym deprived? Because me rn,@AlchemistGira But if It's a fighting game or shotting game or something that's a deal breaker. I can't play those in 30,"A Capricorn wants to be the top dog, and they're smart enough to know that the title won't simply be handed to them.","@MikeyBisaDouche @madelinefitz9 @MikeyBisaDouche with the win, again",RT @andrewdabb: Tonight on #Supernatural ‚ÄúButt shake.‚Äù,RT @Ew3_TM: DOLPH DROPPING A NEW ALBUM NEXT WEEK !!!üòà #10/20,RT @RealKentMurphy: This lady is RUTHLESS https://t.co/bfs9Y779Sg,I liked a @YouTube video https://t.co/0etksKMY2t Dwarf Problems (Official Music Video),Check out  this skills-based #volunteering toolkit for #nonprofits to maximize the value of #probono. #SBV #CSR https://t.co/Yxnq6lKmU1,"RT @kylegriffin1: Chris Murphy on N.K.: ""Many"" lawmakers have heard ""whispers of more serious war talk in and near the White House."" https:‚Ä¶",Aw bruh ü§£ https://t.co/JHKCy9airG,@PadraigMarshall @ChrCasey Lovely words pod ‚ù§,"RT @tri_ireland: As TI launch the 1st #female only Tri Leader Course, @PredatorTriClub #coach Ciara McClearn shares her story‚Ä¶ ",RT @Erorrthoughts: I wonder how will you feel if i did the same.,"RT @Ashley_Quinn99: 16 Things You‚Äôve Been Using Wrong Your Whole Life  
https://t.co/cK2OdXPxPl",RT @UpgradeMyCloud: #Cisco updates ACI for customers moving to a multi-cloud strategy https://t.co/6oHqvexmkM via @ZDNet &amp; @stephcondoncbs‚Ä¶,Madi and Brooklyn üíö currently dying from all this cuteness üò≠ https://t.co/AGAXB6BD0l,"RT @SwanLavenham: Ewe will find it's always #NationalWoolWeek in Lavenham, as we're a famous Wool Town https://t.co/tSR22r2wMF‚Ä¶ ",@avidaefodida @kundiuraya @wakebakeskvte O shit,"RT @ProPublica: Ivanka &amp; Don Jr were being investigated for felony fraud

They lied to Trump SoHo buyers

And yep, there are emails‚Ä¶ ",RT @mama_sav: Today‚Äôs look üíô https://t.co/nKE2XbVHmY,Laper as always,"https://t.co/t6B8DSweLR

me rn: https://t.co/b4aKaF357T","Great Gordon Gekko reference by @crobmatthews in @axios, ""The most valuable commodity I know of is information.""‚Ä¶ https://t.co/IpFgg3c6Dk",JUST IN: Two CHP officers transported to the hospital following a solo patrol car crash on SB 101 before Woodside in RWC.,He's a scumbag don't you know?,"Chat, relaxshowmyglirfrindis waiting for you on https://t.co/A8TGnWrr7l https://t.co/YbcnLAj0Py",RT @label_kw: Get your social media posts designed today!,RT @DonzelliGroup: October! Loughborough x Birmingham üî•üî• #WandeCoal #Olamide #Phyno https://t.co/xNw3IpMzTZ,@ColleenB123 Me tho,"RT @OUTOFSlGHT: Out of Sight 291‚ú®

#KathNielLLSDate https://t.co/Jk4iPPuAvL",@realDonaldTrump US must TAP into IRANS huge EXPORT POTENTIAL to CREATE US jobs in AEROSPACE for 35 yrs.IRAN READY to spend $250b 4 US goods,"RT @glassesjeon: in case you're having a bad day today, here's 42 seconds of namjoon laughing to make you feel better https://t.co/aHDL3Vym‚Ä¶","RT @MarkWalters_: Westerwood #Roman #Fort on the #antoninewall, Scotland. Located at the end of an airport runway and in the middle o‚Ä¶ ",RT @edactivity: that sick feeling when you can actually feel the pain in your chest from hearing something or seeing something that really‚Ä¶,"RT @TheRealVongolaa: Dudes really act like Shonen don't copy each other all the time lmao

And what gets me mad is that niggas gassed it‚Ä¶ ",RT @_ihateyall: Should I break up with her???? https://t.co/a58pToevEs,RT @PoliticalShort: Time from Trump to Decertify the #Iran Deal https://t.co/QwngzFusZp,@GraysonDolan @EthanDolan so excited to see so much more from you guys! You guys have so much potential üòÇü§ôüèº,"RT @hixtapejus: bts is talented
exo is talented
got7 is talented
svt is talented
bp is talented
twice is talented
gf is talented
kpop idols‚Ä¶",So they key to eveything is ... nothing. Say more ... https://t.co/nbgCUdly4w,RT @SafetyPinDaily: Rick Perry‚Äôs plan to subsidize coal and nuclear plants is bonkers | By @drvox https://t.co/CEv20NP7mz,"RT @DOGFATHER__MGWV: üí¢Ôº≤Ôº•Ôº¥Ôº∑Ôº•Ôº•Ôº¥

üí¢Ôº©Ôº¶

üí¢ÔºπÔºØÔºµ

üí¢Ôº¶ÔºØÔº¨Ôº¨ÔºØÔº∑Ôº¢Ôº°Ôº£Ôº´

üí¢#MGWV

‚á©Ôº¥Ôº®Ôº•Ôºπ‚á©üíØ‚á©Ôº§ÔºØ‚á©

@Blesyne_Zingers
@haiku_lifestyle
@MofidW
@Kobichenko
@David222‚Ä¶",https://t.co/hhkHhcm2mV #MTVHottest Fifth Harmony,RT @mingyuhuhu: Biggest Carat bong in the world!!! All for you @pledis_17. üíù https://t.co/ZgSQwBNNMc,"RT @alpacawoojin: ""jinyoung-ah look at hyung's x2""
""look at this for once""
""honestly it's very touching""

jinyoung is so nice to resp‚Ä¶ ",Is she also a cunt for making you drop him off at the services where she then talked though their plans and said ‚Äúo‚Ä¶ https://t.co/sj3gHYRYUs,"RT @ProgressOutlook: Bahrain held a huge event at Trump's DC hotel; now, Trump's selling them fighter jets without human rights preconditio‚Ä¶",@JackDavies____ @SadiqKhan A full year since this iconic tweet... #NoReply #WhatANightmayor,Debit cards attached to Cryptocurrency brings this to a whole new game,Lineman! A combine designed for you to get national recruiting exposure. Locations and info added daily via https://t.co/dCQ61Fuqqx,RT @MsFavret: Had a successful No Pens Day! Testing our knowledge of place value as a class. üí≠ @oakingtonmanor https://t.co/ua2qcMi3qG,RT @YarmolukDan: New Hope For Humans in an #AI World https://t.co/8D9GYIFMgF #IoT #IIoT #ML #DL #InternetOfThings #ArtificialIntelligence #‚Ä¶,"@BuyReardenMetal Tuesday 10/3, Cabela's initiated the process of discontinuing the sale of these devices in all stores and online. -Erin",Hear me speak on Culturally Relevant Teaching!! Embrace it; it's an international world! #LiveCurious #ASFM‚Ä¶ https://t.co/qGjoUqMe1V,RT @Brazzers: Visit https://t.co/UKimwzDRiC and get FREE SHIPPING until Oct 9!! Use the code: FSH17 https://t.co/Kl9u2eR1gU,"Learning to talk dirty is as easy as 1, 2, 3!  Don't believe me? Read on! https://t.co/VgIOulnxiI https://t.co/AezS3UtT7j",RT @NWS: Tropical Storm Nate continues to strengthen. Hurricane Warnings now in effect for Metropolitan New Orleans and Lake‚Ä¶ ,"RT @RipCityGoon: Best PG from each conference üò§ 

Like for False 
RT for Fact https://t.co/5PnESRlUU3",RT @tbhadulting: Not being able to splurge on stupid things because paying rent is cool,guess who nearly got locked out of her own house .,"@notoriousIT @HoopsReference That's what I though, take that IT thing off  off, he is off to suck somewhere else.",RT @AgeofDad: We've been given this #WWE bundle to celebrate #SummerSlam on DVD &amp; Blu-ray Monday! FOLLOW &amp; RT for a chance to‚Ä¶ ,@TrashMobMinis Oh of course!,RT @effitsfranki: quietly zooms in. niCE. https://t.co/HGBq4bD0a9,RT @00MadHatter: I love it https://t.co/gOCYwIlpfT,"@holmfirthartist @MarianKeyes I wanted to be afor, but it's just not happening","We are talking about a Yorkshire talent contest for musicians. 
Calendar are interested so if you know anyone let m‚Ä¶ https://t.co/1GygOSCl4D",RT @Notshadha: When I see my friends https://t.co/Tl5eyhfI3T,"Google's Futuristic 'Bezel-less' is The Reason Pixel 2 and Pixel 2 XL Don't Have Headphone Jack
https://t.co/vVQJVXUkoF

#GOOGLE #PIXEL2",RT @DankMemes: Try not to laugh üòÇ https://t.co/qZCqI1jV0L,@DeighvidCuza Looks like you'll be dating a model in the near future,RT @MeanGlrIs: Get in loser we're saving Halloweentown https://t.co/U5cI0JzlrW,get drunk and spill your heart out to me,RT @HogwartsLogic: Slughorn is the perfect example of the ‚Äòim not racist but‚Äô guy that everyone has been forced to have a conversation with‚Ä¶,"#sex,#dating,#relationship No angry arguments, no ‚Äúliving like roommates‚Äù no more tearing-down of each other. https://t.co/w0R3ruDAVd",madonna inn cakes are.. the best...... https://t.co/0hAcSnZEyy,RT @coupIegoaIs: When you realize you‚Äôre ugly.  https://t.co/5LEWurSTXx,"Las Vegas Sacrifice: The Incredible Back Story Designed To Cover Up The Truth
https://t.co/JABGZxUSrz",RT @JAYVERSACE: Speak highly of yourself,"RT @jane_ayres12: What is #Malvertising?
#CyberAttack #Ransomware #Dataviz #Cloud 
#CyberCrime #Defstar5... by #alevergara78 https://t.co/4‚Ä¶",@DesolistBand I'm gonna be a bacon strip,"RT @SWTweets: The Hundred Year Darkness, was caused by a rogue Jedi who believed that the dark side held the true power of the Fo‚Ä¶ ","Good, he‚Äôs a prick. https://t.co/MOOHDzw4rO",Oktoberfest was so cool üçª,Edwin Encarnacion's status uncertain after suffering ankle injury https://t.co/Dg3s0lc4hp,"RT @cousinjah: ride me like a bike, bust me like a sprite",I need plans tonight!!!!!,"üö®Don't 4get, there's a criminal Pakistani (&amp; 1 Ukrainian) network who infiltrated govt 14+ years, stealing, wiring‚Ä¶ https://t.co/TmF6E6oTqG",Idk why I never started greys sooner üòçüò©,RT @Blazeent17: Must Be Some New Pills https://t.co/HTTKU3ULem,"üíû
You are so cute üôÇ",RT @illogicaldata: Ready to run at @AMEConnect Conference in Boston - come talk to @eccellacorp about enabling operational intelligence for‚Ä¶,"@biloon ""Comforting""",https://t.co/8LIaOstn3M Hanes Women's Sleep Robe and Cami Set for $7 + pickup at Walmart: Walmart‚Ä¶ https://t.co/IIesfbM4Tw,"RT @JohnBKing: ""Need help with financial aid forms? These groups are here to help."" @BetterMakeRoom @ReachHigher @collegeaccess  https://t.‚Ä¶",Mood:üí¶üëÖ,sushi nori premium roasted organic seaweed (100 half sheets) $24.95 via eBay https://t.co/N4wjo3w4rJ,"RT @stylesprayin: ‚Äúif you‚Äôre gonna do it like that, you can have it as many times as you want.‚Äù https://t.co/8GiyEY7arq",today's stats : 434 non-followers. found via https://t.co/hCwdzm3Eqp,RT @IBexWeBex: Happy indigenous peoples day! Reminder that Christopher Columbus was a horrible genocidal colonialist piece of trash ...,"RT @i_Preezah: Its yet another day for your favourite ride, #moluefollowrushüöåüöåüöåüöå
1. RT and like
2. Follow RT'ers
3. Follow all lik‚Ä¶ ",Brooke sicknen üôÑ always looking for a friend,RT @harterdecore: TAG DO DOC,"Just visited https://t.co/JnpRQnM64F to check if I am in pain or not, but just got a blank page back. #creepypasta #philosophical",@Johannes_T_S @KittenKoder All is vanity.,RT @abc7newsbayarea: FULL LIST: Evacuation centers open to help victims of raging wildfires in North Bay: https://t.co/Li7aqPDSWk,RT @MadisonnnJoness: There are so many memories I wish I could relive,RT @TheGirICode: this is the cutest thing i've ever seen in my whole life https://t.co/w2Zgjoz3b4,"RT @HAUTEVIOLENCE: So, a cunt. https://t.co/dqQrxFEZqQ","RT @Maichardology: She knows it, 
She knows you're worth it. 

üòåüíõüò≠ #ALDUBHappierThanEver https://t.co/Pi5lBDTs5J",@TarigsOptimism I‚Äôm about to go listen to some of music now,"RT @Seahawks: Heading into the bye week, have a look at the latest on the injury front. 

üì∞ | https://t.co/v5fZ5taunX https://t.co/5ApCCe4k‚Ä¶",RT @smiliingmarais: rt if u were here before 2m :) https://t.co/uyXq1jhkPd,RT @suzyesp: Before &amp; after. Journey's End Mobile Home Park in Santa Rosa. #TubbsFire #napafire #calfires. Fire photo by Gabriel‚Ä¶ ,I love this boy https://t.co/nBghoMlz3C,@WWE @real1 We want strowman,RT @ScottHamilton84: Our 11/19 Evening w/Scott Hamilton &amp; Friends musical line-up is going INCREDIBLE! @SherylCrow &amp; I tell you about it ht‚Ä¶,Clockbot: It's 21:00!,"RT @dailytxtmsg: One smile, 
can start a friendship. 
One word, 
can end a fight. 
One look, 
can save a relationship. 
One person can chan‚Ä¶",Woo! Solid start to the night. https://t.co/jIheuuYxs3,RT @WTHS_Athletics: Congrats @TwpSoccer Alum Eddie McCusker named Soccer Six Defensive Player of the Week https://t.co/14swFsFROa #TWPPride‚Ä¶,@AdmiralRoyPope @RepGosar @POTUS Prayer. The idiots way of thinking.,"RT @ASlavitt: ACA sabotage. Documented and analyzed.

And tellingly not denied by anyone in the Administration to my knowledge.‚Ä¶ ","My mom just screamed up the stairs ""dollar store Barbie doll"" @reed_avondre3 üòÇüòÇ","RT @deadlostboy: pennywise: ""we have the new the 1975 album down here"" 

me: https://t.co/u02bDiX71O",My dad is the best. He literally bought me my own stuff for me to style my hair. üòä,RT @kirayusa: Me on mondays https://t.co/JwqZDLp3Hr,"RT @RobHasApodcast: It's happening, people!! Don't be a meatball, get your questions in for tonight's interview with #BB19 winner‚Ä¶ ",Star Wars Reveals Official Poster for ‚ÄòThe Last Jedi‚Äô - https://t.co/YI4eZ084Yk #rap #hiphop #news #music #hiphophead,"RT @aliasvaughn: Paper ballots and hand count, like we all do in Europe and other places. And yes, we are QUICK. Have FINAL results‚Ä¶ ",RT @rapspotlights: Never forget this iconic picture https://t.co/qWN8FCqrv5,@KellyBeaton I'm not the least bit upset that I'll have to cover a City Council meeting that night.,"RT @adin32351: Silent but Deadly - Every Woman Should know the Warning signs of Ovarian Cancer....
https://t.co/isPPwVjdQP",wish i was laid upüôÑ need a lil baddie rolling up my dope,RT @DatAuthenticGuy: Gonna fight for what I want until I can‚Äôt fight no more.,@Radio_Gaz Hope the waters calm and all goes well for tho üëä,RT @arungiri: Sena is in govt. but behaves more like Opposition. NCP is supposedly in Oppn but is more loyal than the King! Cong the natura‚Ä¶,@S4TU_ no offence but 1) fuck off 2) fuc urself 3) fuc me,@realDonaldTrump Please use twitlonger for your rants,Wellness Natural Grain Free Signature Selects Shredded Wet Cat Food Variety P... https://t.co/ZtjVt69VMc,Maratone @maratonedj - Maraphobia On 1Mix Radio.. (12.10.2017) Check the Forums for Tracklisting.. - 277 Listeners #1mixradio,RT @lordflaconegro: I been watching this all day https://t.co/k7KOwZzPim,Rose extermination arc was so good idk why but stuff like Shirazus death was so impactful,"RT @ellkay_: I went into a public toilet &amp; someone phoned me so I answered &amp; said ""hey"" &amp; A LADY IN THE CUBICLE RESPONDED WITH ""hey how's i‚Ä¶","RT @flufflingly: armys chanting ‚ÄúBTS! BTS!‚Äù is the cutest thing ever
jimin giving his infamous eyesmile and waving back to them, the‚Ä¶ ","The oppressed family and lovers don't deserve even one second suffer, so enough #FreedomToKacmazFamily https://t.co/u2pSlnjLaF",Accessories : Minnie Mouse Pom Beanie https://t.co/muqVO1D3wa,RT @devonlewis_: Today should be a holiday frfr https://t.co/zaKrJXC9Dq,@ClemenzaGlo care to explain? https://t.co/uFvUqiTGIm,"@realDonaldTrump At this point, thats when! Revoke their licence &amp; issue them a comic book licence.!!",RT @JulianAssange: NBC head Noah Oppenheim suppressed the Harvey Weinstein story https://t.co/izvkHdpmRR,never truly considered a sugar daddy until right now. https://t.co/PlhNq5UiWL,"RT @HistoricEngland: Edith Cavell who dedicated her life to the service and care of others, was executed on this day in 1915‚Ä¶ ",RT @kidsdancingkpop: red velvet - rookie https://t.co/qlduCrUQdW,"May we have the sweetest dreams, to erase all the sadness and pain. Good night.",Our lives are like your life: sometimes just messy. We make mistakes - YOU make mistakes. We misjudge - YOU... https://t.co/wi1m1L3VrT,when you can't remember how to get the bad ending ypu jad gotten in the demo.,"@uealdc Big deal, he is a whimsy lightweight whose last novel cemented his fate. Bob Dylan, now this...",i wheezed why https://t.co/qKc5T4FfNv,"RT @cannoliOW: artist: i use Professional Artist Dual Tip Noir Ink Brush with FR-101 Pigment only $82.99 cents on amazon ! :)
me: https://t‚Ä¶",@sarcasmyoongi 2 goodüòÇ,"RT @MetsMerized: New Post: Vientos, Uriarte Among BA‚Äôs Top 20 League Prospects https://t.co/O0VmvrDGe3 #Mets",@SJ_Professional lol had to for homecoming season,"RT @mikefarb1: #unhackthevote 
Election Systems Remains Vulnerable. States Celebrate False Narrative. DHS Story Makes No sense. 

https://t‚Ä¶",RT @FreakingTrue: The best feelings in the world üôå https://t.co/FJufoXR9Ht,Google Pixel 2 and Pixel 2 XL: Everything You Need To Know https://t.co/hrDK8X1wvM,RT @ICC: International women's cricket is back! üôå #ShotOfTheDay https://t.co/4n59kfF5S3,"RT @SexyFatAss83: RT and Follow me 

If you want me to Dm you üëÖüí¶üôà https://t.co/EeDqiMoPXC",RT @jiashuais: okay yixing and kasper are cute here https://t.co/fqbMrmDqiR,fucking done with being 15 a bloody shit age,"RT @spookperson: @meakoopa @chessrockwell_ @richard_kyanka in closing, fuck you for continuing to do nothing despite needed action b‚Ä¶ ",Negative thinking will never make your life positive. https://t.co/z9kDiDx2Ev,"RT @ShutyKINGIN: It's time, Gain 200+ new fllwrs now. ONLINE!!! Follow everyone who Retweets &amp; Likes this #TrapaDrive #NaijaFollowTrain","RT @bd_moreno24: @WOU_Football @AtlantaFalcons @Chiefs Give Alex Smith another weapon to go with Hill, Hunt, Kelce...@iTz_Rev would go craz‚Ä¶","RT @FoxNews: .@mschlapp: ""If we must believe women, we must believe those women who also made those accusations against [‚Ä¶ ","Vicissitude- a difficulty or hardship attendant on a way of life, a career, or a course of action and usually beyond one's control. #WOTD‚ú®","RT @TalDoorei: This evening, although one door will close, another will open... as it always does. #CriticalRole",ppl burned me so bad senior yearI can‚Äôt believestill had the courage to be positive &amp; post this last year during it‚Ä¶ https://t.co/NeoUNmBQXL,"Whoa whoa whoa, there's a new documentary about the 1980 Flash Gordon film? (Life After Flash) I NEED TO SEE THIS!","The G.O.A.T returns with his new album  #FR32 @Wretch32 
Dropping @ MIDNIGHT üéà",RT @SnizzleFrizzle: I'm more farts and laughs than arts and crafts,"RT @BLarracuente: Team bonding, brought to you by early call times #VersusShow https://t.co/kHctvzgPrx",@SkyUK disappointing your renewal 'deals' are so uncompetitive for existing customers compared to your competitors.,"RT @srkajollife: SRK: ""I think KKKG is closer to how me &amp; Kajol are in real life in terms of characters""
Kajol: Yeah‚ù§Ô∏è https://t.co/xDkJIt4‚Ä¶",RT @ifsmagazine: New look for Michal Brezina. #manbunsarethetrend https://t.co/fBrjCNe6i6,@honey_veined I thought you were gay?,one person followed me // automatically checked by https://t.co/2zBWT8LoyQ,@ChadSFisher @UniteAlberta @jkenney Is this really an issue? Is any party talking about removing freedom of religio‚Ä¶ https://t.co/JkSIiYXzcr,"#Clean October 06, 2017 at 02:38PM",RT @barefootboomer: LESS DEAD PEOPLE WE WANT LESS DEAD PEOPLE THAT‚ÄôS REALLY IT GUYS NO FOOLIN‚Äô LESS DEAD PEOPLE https://t.co/wSIwQf0XSW,"RT @deantrble: As close as it gets. Dean singing his verse in Gold. I love how the crowd sang along.
¬©tansuga https://t.co/FFR7KHfin2","@JeffMerkley Thank you.
Can them on their denial and BS.","since I talk about my sister a lot here, I present a picture of us circa 2004 when we didn't fight over a Chinese i‚Ä¶ https://t.co/GXvpeCm2k4",RT @Kirtishbhat: Today's #Cartoon on #rahulsixmonthchallenge https://t.co/gu9L7MfmDu,I feel so tired and sick.,"RT @OhBaeMsgs: if we date i'll probably stare at u a lot, i like to admire what's mine.","Zscaler is looking for: Software Engineer II, QA
https://t.co/xOsuMdEU4e #job",Please RT if you like!! #architecture #design #architects #interiordesign Jony Ive on Apple Park:... https://t.co/SUQZQAAqiQ,@SoloExMachina It‚Äôs one of those tjings I never really got,RT @blankvisions: it's useless to miss something that's never coming back,"MercedesBenz: LisaNicholsDunn We're sorry for your experience, Lisa. Please call CS on 888-454-9906 (Mon-Fri 9am-9pm EST) to raise your con‚Ä¶",@Loneranger9 @SecularTrainee Hmm i have read it quite suspicious üòí such a sad end,"RT @RepThomasMassie: Proposed ""bump fire stock"" ban is a red herring that would lead to ban of other firearms and accessories.  See video
h‚Ä¶",RT @ManUtd: U17s: Best of luck to the lads in tonight's friendly against Leicester City at Loughborough Dynamos (kick-off 18:30 BST). #MUFC,RT @PressTV: Chair of the Norwegian Nobel Committee Berit Reiss-Andersen announces winner of Nobel Peace Prize https://t.co/gridBmG4Hx,"RT @knockknock0408: [HQ] 170924 SEHUN cr.Dear my spring
https://t.co/gK5Iltd6tk
https://t.co/LvNM62lvy0 https://t.co/7Lng6zXASR",RT @Tim_Burgess: Limbering up for the tour https://t.co/v5HLsSE8E8,"@Marbies3762 @BlitzzP @James_M_Perry True, but it also depends greatly on what his original deal was with Hammarby. I'll do some digging.","RT @AmyDentata: Things we were right about
- they're actually Nazis
- online harassment is organized
- centrists and ""moderate"" left are co‚Ä¶",RT @ziavd: extracurricular activities: overthinking stupid things and making life a hundred times harder than it needs to be,I‚Äôm not big on physical contact unless I‚Äôm in a relationship with/know people but when people touch my hands oh dear,SO TIRED OF ALL THE WINNING! https://t.co/Yo5mAVQaP3,M.T.A. N.Y.C. Subways:  N Train SB irregular subway service at Lexington Ave. #traffic https://t.co/cLJ9IKsg5n,RT @Paolalove_: When you see your man liking another bitches picture https://t.co/1YbIdaGZ5w,RT @gazeskies: sadness consumes https://t.co/WyOVfKKplR,@realDonaldTrump @NBCNews @VP I don't agree with Rex Tillerson. You aren't a moron. You're much worse. https://t.co/m8TdKKEzIB,HE LOOKS SO GOOD #JusticeLeague #Batman https://t.co/7mXQjAqQ6c,RT @nutanix: How do *you* like IT on your terms? We'd like to hear from you. https://t.co/XA4hOphAhW. #OnMyTerms https://t.co/n5ceGGfY8o,"@jeffreyborle You‚Äôre buying the wrong kind of air fresheners, those are so 2004, gotta switch to the vent one, grandpa",Struggling to get even 1 lead a day? These marketers do 50+ p/day and they‚Äôre revealing exactly how they do it here: https://t.co/7EknBt8okD,"Even when you are right, but if you are rude, you are wrong. Always be kind.",RT @_Makada_: Lt. Col. Tony Shaffer: Las Vegas Shaping Up to Be ‚ÄúDeliberate Act of Terror‚Äù Against Trump Voters &amp; Conservatives https://t.c‚Ä¶,RT @LSBUArtMentor: Patient story cube workshop in on @Bethlem_Gallery with visiting students from Germany  @XavierWhite9 @SallyHardys‚Ä¶ ,"RT @abimatsun: #inktober day 4
Somewhat of a redraw https://t.co/MmpF3oXS49",I really enjoyed the class it was very ‚Ä¶ https://t.co/3J40PBeG6C #scottyancey #reviews,"@sajidjavid And also taken from the West Wing, whats your thoughts on that @sajidjavid please ? Not just scripted b‚Ä¶ https://t.co/gewdcGHlHT","RT @bluedestiny0923: [PREVIEW]171003

#ÎùºÏù¥Í¥ÄÎ¶∞ #LAIKUANLIN https://t.co/79plqEL3vD","RT @_gabrielpicolo: - My inspirations are...unconventional 
- Show me
- ... https://t.co/FVNQ9GVK5b","If you‚Äôd like reminders or updates about BSA, please click on this link ! 
https://t.co/jR8X17jSmi","RT @ethuin: #DRC: Coalition between a #Nyatura faction &amp; a Mai-Mai group (yes, that is not the same!) reportedly controls #Kalungu on Minov‚Ä¶","RT @RealJamesWoods: Well, there you are... https://t.co/N20OXsThgh","Check out these amazing recipes for some fresh, sweet homemade frappes!
https://t.co/qDSHkVAb22 https://t.co/e91hc1O01r",@cameracarluk Pm me,@ELBOOMBIP i truly forgot i am so sorry,RT @jintoxicated: goodnight! thank you so much for 25.7k! please continue loving seokjin üê©üå∏üíü https://t.co/18bpNGIeQk,RT @emiIygetsfit: I can't believe how viral my story went üòÆü§ó If you want to try it yourself the link is in my bio! üëÜüèº https://t.co/IbrX03gN‚Ä¶,how dare you tell another girl she the prettiest/most beautiful girl you ever saw üò≠ BOY,wtf is wrong with youuuuu ‚òπÔ∏è,"@markknoller @POTUS It has not been refuted.........non one ""denied"" it.........","RT @BrianNiemeier: 4) Looking at author income including print &amp; eBooks, we see that indie authors outearn tradpub authors as a group. http‚Ä¶","RT @blxcknicotine: ""I am so jealous of how calm you can remain even when everything is crumbling on the outside.""",Help me out! Play my slot machine and get free chips for you and me! https://t.co/z1Liubdvnr,@kasie @facebook They will prep some expendable flunky.,"RT @KeshaRose: This is heart-achingly so special. Thank you to everyone who made this happen.
 https://t.co/4x4rndppXS","RT @OnlineDoncaster: ""I can now interact with the modern world"" Val learnt computer skills @DoncasterLib training courses‚Ä¶ ",@JessieZapo @Bitbeefy True that! üôåüèº,I feel like it's tooooooo early for Christmas prep https://t.co/3H1vtc8RTq,"RT @drewmagary: I think what I‚Äôll remember the most about this time is the staggering, obscene amount of cowardice https://t.co/UyR4fHurBq",Alonso‚Äôs Robots https://t.co/1OpkBrsXDl,@mandysmith754 @LBC I've just read the whole article and it says nothing factual about Khan. These was worrying sig‚Ä¶ https://t.co/ZUrMKRQCZ8,@lepidoptometry @paleofuture Oh my god it's happening,"RT @kabirputra: #ModiTransformsIndia into poverty price crises unemployment
üëá
‡§Ü‡§ì ‡§è‡§ï ‡§°‡§ø‡§¨‡•á‡§ü ‡§¶‡•á‡§ñ‡§§‡•á ‡§π‡•à üì∫
#‡§ú‡•à‡§®‡§ß‡§∞‡•ç‡§Æ_VS_‡§∏‡§Ç‡§§‡§∞‡§æ‡§Æ‡§™‡§æ‡§≤‡§ú‡•Ä
üëá‚Ä¶ ",RT @dance2nlghtt: All I See üëÅ https://t.co/RuhCmgYtkr,Trick ‚ÄòR Treat (2008) - Michael Dougherty | #Horror... #Horror https://t.co/MNzvLUVLQv,"RT @MafiosoRo: Call a Black woman up, tell her what she means to you. Buy some dinner. Get some nails done. Oil a scalp. Sing Cater2U. Brin‚Ä¶","RT @NISAmerica: Tomorrow is the day, dood. Are you ready for a wicked surprise? Stay tuned... https://t.co/NO1bIQ6h41","RT @chartdata: US digital sales: You Already Know, @Fergie Feat. @NICKIMINAJ 9,195 (36,585 total).","RT @NBAonTNT: .@KingJames is jealous of @DwyaneWade's hair. üòÇ

via (kingjames/IG) https://t.co/rgHTvNDQSo","RT @activist360: Trump, Bill O'Reilly, Harvey Weinstein ‚Äî what is it with these 'powerful pervs' that makes them think it's ok to sexually‚Ä¶","RT @ShabVintique: Turquoise, orange, peach and champagne flower petals, rose petals, table decor, flower girl https://t.co/kTqUh22Owc #etsy‚Ä¶",RT @Parks_Gore: Maddie is so damn cute dude I don't deserve this angel https://t.co/lKn3IEZEIC,RT @Dollarmac: @gape_mm @LerapoWaLehipi Just don't take the deal if it doesn't work for you!!!,RT @kthbelly: THIS WILL NEVER FAIL TO MAKE ME SMILE AND LAUGH https://t.co/Aa6NCNZH21,RT @zelterik: Going live! Drunk gaming let's go! https://t.co/dWnADfcy1i https://t.co/8SjnVJMqjy,RT @Aquismaia21: When Saudi money lands in Russia https://t.co/AQE9dxkRom,RT @TumblrsFunnies: relatable https://t.co/R981IKboQS,"@Sabinowitz 

Always",Let take it back to them day,RT @ChaudhryShankar: Participated at a Lok Darbar in Vadnagar. People are very enthusiastic to welcome PM Shri @narendramodi. https://t.co/‚Ä¶,"RT @kyungsoo_stan: Chairs arrangement @ COEX atrium for Lay's second child! ""XING For L"" https://t.co/k83R6AvU1X",@thenetshopnz üê∂üçÅüçÉüçÇüå∏ home ...me ‚úà,@CNN Fake media also propagate against him,X and efficient just as much emphasis on which DNA is made up from which it could conceivably be useful sometimes to is known.,"RT @fekerksa_en: 110.An example is the translation of the saying ""advice is for God"", which is stated in the hadith below: ""advice""‚Ä¶ ",RT @sosgsosg: Cutter and Egg Man https://t.co/jryoFVCIrT,RT @STFC_Matters: The next North West Women's Network event is happening at our Daresbury Campus on 2 November. Register now: https://t.co/‚Ä¶,RT @hassan_k82: Surely they work in individual capacities taking time out for PTI. must be appreciated  #HappyBirthdayPTIVF,Hard Rock Hotel Bali https://t.co/Cf8x3qjtK7,"I'm at Axil Coffee Roasters in Chadstone, Victoria w/ @bentoonzc https://t.co/yK5GA5zvl9",Time to make coffee and head to the library,Now Playing on MaxMusicMix ALL DAY WORK MIX --  Level 42 Something About You,RT @BrunoMars: Thank you guys so much for all the birthday love and for making me feel extra special today!! üò≠‚ú®‚ú®üçæ,Minecraft Skeleton plush vs Donkey Kong: https://t.co/VT6L2tBgBR via @YouTube,"RT @Donna_McCoy: It's okay, little pumpkin. I get scary when I'm lit, too.","@ebeinke Murderous, slave taking, sex trading, moronic asshole","RT @himeshmankad: . @aamir_khan Interview: I don't feel am a superstar, have discussed #3Idiots and #Ghajini in bathroom. @spot_boyy‚Ä¶ ","@CollectiveCraze @katjl_ @jmallott @NTarnopolsky No, he just passionately embraces and supports the fascistic polic‚Ä¶ https://t.co/XjYrvbj1ud",What do you do when you lack motivation.... ive no real reason to get up n do anything honestly.....,Relation goals. https://t.co/vemA5vqOkW,Labour MP: pro-lifers ‚Äòweaponising rosary beads‚Äô outside abortion clinics https://t.co/6fPersJGeE &lt;&lt; the vilness of @RupaHuq,RT @Ayoo_Dye: You‚Äôre supposed to put your pride aside and ride for me üé∂,RT @lifeofrickey: If you like candy corn.....IM SORRY BITCH YOU ARE CANCELED,RT @kaysarahsera: Here's a great list of poems by Indigenous Poets. Gonna add a few more of my favorites before my flight takes off. https:‚Ä¶,RT @MBQasmi: #Turkey vs #USA diplomatic tug of war. They are fighting visa games. https://t.co/IbrnVMYA4o,RT @harryhudson: We are all going to die one day. We don‚Äôt know when but we know we will. Don‚Äôt waste time being negative when you can love‚Ä¶,RT @pennydancin: too much to ask - niall horan https://t.co/jUEG1IRqEo,RT @imkindofsad: naturally funny because my whole life is a joke.,RT @tvc3232: Republican Chair of Senate Foreign Rel. Comm says Trump‚Äôs recklessness could lead to WWIII. We‚Äôve been saying it fo‚Ä¶ ,RT @ctvedmonton: Alberta horse that was rescued from sewage pit dies with owners petting his neck https://t.co/PX55kYOS8L https://t.co/xNS9‚Ä¶,@Realrclark25 remember they where down it‚Äôs hard to score a td so when ever you can you do. the defense didn‚Äôt stop Aaron that‚Äôs the problem,- is illegal on stolen land. Give thanks! #IndigenousPeoplesDay üôè,RT @__MVPri: Oh wow about to order some of these for my nigga period. https://t.co/vE509AxyAY,@DrTumisang Speak A Word..... on @ONEGospel üôåüôåüôå,Now on @ComingSoon_Tech ‚ûú @StoryBicycles | The eBike with a Philanthropic Mission https://t.co/N3ooeSdt6i https://t.co/C15aM48rmN,@aubriesellers Good thing it wasn‚Äôt cream filled. Shooo...üòú,one person unfollowed me // automatically checked by https://t.co/9tsiA1PgaR,I swear me and Beth are telepathic,@SenBobCorker Retire you LibTURD in Republican clothing.  You sicken me.,"Our British @Hodmedods beans are perfect for a #MeatFreeMonday or any day. Try in curries, tacos, stews &amp; salads‚Ä¶ https://t.co/BTwtiNQ3Lg",RT @BeLimitIess: i want a pet finger monkey üêµüôä https://t.co/UbUpN7ulnX,@dgotfanz Frfr &amp; you know how that shit wentüòÇ,RT @CauseWereGuys: When you ask you girl what she wants to eat and she actually decides https://t.co/dNZQV8jplS,"RT @Lxst_Rebel: i forgot we accomplished this greatness this year, shoutout to everyone that made this tape possible‚Ä¶ ","RT @innocent: October 11th. Half the country has that bug going around. The healthy live in fear, stockpiling Lemsip, wondering when their‚Ä¶",RT @Berlustinho: Clan TV üá™üá∏ https://t.co/RKyqytG0fg,"RT @FitzInfo: Alexander Hamilton, George Washington and the Crypto-Jewish Takeover of America https://t.co/7XAeTv2Gbe #uspoli #infowars #zi‚Ä¶",RT @thayyib: Addu Flying School contributes +3 million per month to Addu Economy. do you know this? #puppetibthisham https://t.co/ElxhCCrakX,RT @craigflynn1: #MyHeartIsYoursIf you read and agree to the terms and conditions.,"RT @infinity8_1107: üë¨üíò
My Only YOUüíïüíïüíï
#ÏÑ∏Î∏êÌã¥ #seventeen #ÏÑúÎ™ÖÌò∏ #the8 #ÎîîÏóêÏûá #ÂæêÊòéÊµ© #„Éá„Ç£„Ç®„Ç§„Éà @pledis_17 https://t.co/iAAXo7TEUX",i need an update on the IT action figures,"RT cindy_o727 Another hour! It's October 11, 2017 at 04:30PM #CamilaCabello #HeyMa #KCAArgentina","The #Weinstein debacle should be a final nail in the coffin for 'slebs and their faux-teary moralising. It won't be, but fucking hell,","@EsportsGears No thanks just waiting for new epacks or delta team classics. Or bring in the savage marauder, hunter, and Theron at that.","RT @Shannara: Wil was born to save the world, but he might need a little help from Mareth. Tune in TONIGHT at 10/9c for the premi‚Ä¶ ",RT @UA_magazine: Lessons from @SciChefQC: How to be a scientific adviser https://t.co/rVSf0ubUEq,"some stars glow brighter than others,
more brilliantly, more adamantly.
but what happens when you encounter
the brightest one of all?",My aesthetic https://t.co/5YHr5QH1oC,@mjgiarlo You are compromised of organs!,RT @SustransNI: Read about our new #ActiveTravel Hub in #Belfast https://t.co/sbYv2eXE8a &amp; sign up for FREE cycle training ++ @nigreenways‚Ä¶,"RT @beneviera: Keith Olbermann erased 27 yrs of hip-hop political statements (much better ones than Em‚Äôs spoken word rant), but Em made him‚Ä¶",RT @brainardtj: I love you Lara!!!! #AMBattleground,RT @_SimpleC: Send flowers to my job on my birthday so I know it‚Äôs real,‚ô°‚ô¶ boho vintage womensclothing https://t.co/CFT50EyvJ9 https://t.co/FZBbk2RLuE,The latest The Politics Daily! https://t.co/yakks5tw10 #philosophy,RT @CoupIeGoalls: Date someone you want to annoy forever.,https://t.co/pdgJkoIID5 give me please subs,bonnie Amethyst 925 Sterling Silver Purple Earring suppiler US gift https://t.co/5bkzX8RSFs,RT @mellberr: WWE Wrestlemania 32 Full Card Results and Highlights: Roman... #ShaneMcMahon https://t.co/uXUcTeT3SP,Thousands of #catholicteachers receive these messages very day. Join them here https://t.co/7D7rEvzGZi https://t.co/lKB4xzT6Ho,@RWSFMSarah @Paulrayner75 I got the first vote in x,RT @musicappnews: iOS Music App 'Alina String Ensemble' just went on sale. Check it out! #musicappnews #iosmusic https://t.co/OMatfI7z8M,"Remember when Mike Tyson and Tupac went to ""rehab"" before serving sentences for rape? Oh, wait... #HarveyWeinstein","RT @TheNinetyTwo_: Who remembers Northampton Town‚Äôs set pieces under Chris Wilder? Something else..

üî• https://t.co/6GBGSfS3YQ","Just a reminder that the NRA says ""now isn't the time to talk about gun control"" knowing we always move on in a couple of days. And we have.","@MatthewGuyMP With no injury insurance, rideshare drivers turn to charity and public assistance-families wrecked.‚Ä¶ https://t.co/7wESQnRkGH","RT @itschekkers: phenomenal patient-perspective on depression by @holman cc @spring_health 
https://t.co/CYR3FFIOlF","If Lil Pump debuts at No. 1, will that make him the first artist with a BB200 No. 1 album but no Wiki page?‚Ä¶ https://t.co/oMNOXhWc8k",abbey brooks emo porn ultimate blowjob addison rose,"RT @Anuradhatweet: There's a word for the sort of governance being practiced in Washington, writes @NormOrnstein‚Äî""Kakistocracy"" https://t.c‚Ä¶",RT @ifeellike: i want to be a stripper because I'm sick of living in poverty,@Patricia_Traina Absolute crap mcadoo needs to be gone trade Eli Apple too drc way better at covering on the outside that Apple,@durschtis @Versuv @KurtProedel @ShahakShapira K - L - U - K https://t.co/nID2WnGXQw,"RT @pornmansion4: small but she sure can take a dick,. get you a naughty girl 
@üëâhttps://t.co/q1GVwcpwCf https://t.co/gbgwSgypSj",RT @NinjahTV: *Attention streamer friends!!* I am recruiting streamers for my new organization @_TeamStronghold hmu if you wanna rep this a‚Ä¶,You really fucked up when you doubted me ü§∑üèΩ‚Äç‚ôÄÔ∏è,@sethpls Honestly. The weirdest part for me is how not different it is. I don't feel settled anywhere but back in Ohio yet.,Ohhhhh myyyy heekinnn hawww that was 4 years ago baaa!??! https://t.co/2FQ2cmFFcN,"RT @NHTSAgov: Even one is one too many. If you‚Äôve been drinking, hand your keys to the designated driver. #BuzzedDriving https://t.co/Rmtdw‚Ä¶",RT @HoustonRockets: Taking on the Grizzlies tonight. üöÄüèÄ https://t.co/rltLlEeXkf,@VenusLux what a way to come out üòçüòç,RT @ArtFeeIings: the sky is a dream come true https://t.co/HIlih0udx3,RT @ElliotHackney: Everton fans having to get up at 6am Sunday morning because their game has been moved for TV in India. Not England.‚Ä¶ ,@brisbanebee @HBCUfessions üò™sounds about right,"Mustafa Kamal's leadership and iconic character is uniting citizens of Sindh under the flag of Pakistan.

#PSPinSindh #KamalJoSindh","RT @axgelica: ""when my shrimp of an ex husband walked out the door"" #PSAT https://t.co/STKZYHgb72",RT @JLaCocaina: lmaooo my life https://t.co/TdQF9BktH3,"RT @2ShallB1Flesh: ""...while the ark was a preparing, wherein #few, that is, EIGHT souls were saved..."" 
1 PET. 3:20 #ThinkAboutIt
Are‚Ä¶ ","""Be the good, because God loves the goodness."" #inspiration",@thedailybeast His own side. Even God doesn't count for much in his books.,#ad ABU GARCIA AMBASSADEUR 6500C BLOOD RED ROCKET NEW LAST-ONE LOOK FREE SHIPPING https://t.co/W1sfVAw1of,@kirayoru @Donutsen hallo?,"RT @VICTON_eng: {TRANSLATION} 171003

[#ChuseoInterview] Victon ¬´ The first Chuseok since our debut‚Ä¶ We‚Äôre looking forward to it ¬ª‚Ä¶ ","#Direct link to a javascript-created csv
#Tech #Internet #Question #HowTO
https://t.co/5IsIJtXq2o",I posted a new video to Facebook https://t.co/gcIupazvq8,An IRS agent from 1978-1984. What does that bring to mind?,"Get set to meet the most powerful computer in the world with over a billion lines of code. 

Tune in toda.. https://t.co/MwcIFrHjAm",What Would u Do When A #Chatbot Wants 2 Meet U In Person? Pre-order AI VS Mergents On #amazon,RT @tonikopantoja: space jam space jam space jam also me trying out motion tracking techniques on after effects https://t.co/dmQy99APFK,RT @DogsMonthly: We have another copy of 'Bodie On the Road' to give away this #WinItWednesday! Follow us and RT to win! https://t.co/pa7cC‚Ä¶,Rolls-Royce Phantom 2017 review https://t.co/3rPwmXFLiu,RT @westwindoak: Please come &amp; visit us at the @MyHomebuilding show in Shepton Mallet on 18/19 Nov to discuss your oak frame project‚Ä¶ ,RT @whiteteddybear5: @Cassity_C @viktorinini @pilitkd @LuciaTassan @Amber02150 @pintsize73 @MarionSpekker @marienassar_ @dct_ihjc‚Ä¶ ,"@Phuti06 @_ntokozolamola @its_lera_moloi I hope she is ready ,""Houtkop"" e bareng ke Papiso itlo bona GHOSTüòÇüòÇüòÇ","RT @Godly_Life: Be strong &amp; take heart, all you who hope in the LORD. - Psalm 31:24",RT @9GAGTweets: New power puff girls https://t.co/2MsmBXmq4H,PSquare - Bring it On [Official Video] ft. Dave Scott (192kbit_AAC),Coldplay ‚Äì Clocks https://t.co/UCRA3qjAnj,"RT @GwangWoonTH: bbowoo IG Update 
171004 #JEONGSEWOON #‡∏à‡∏≠‡∏á‡πÄ‡∏ã‡∏≠‡∏∏‡∏ô #Ï†ïÏÑ∏Ïö¥ https://t.co/pJkZrOjPtF","RT @SafetyPinDaily: The press, branded the 'enemy' by Trump, increasingly trusted by the public: Reuters/Ipsos poll |  Via @reuters
https:/‚Ä¶",THIS IS IT MGA BES!!! #2018,"RT @chartszayn: Worldwide iTunes Song Chart:

#4 Dusk Till Dawn (+1) *peak #1 for 9 days* https://t.co/kA8OjH0qpo",hentai anal wrong hole family hentai porn black dick,"RT @_viibbeess: him: so tell me about yourself?

me: https://t.co/XDJHRWTaXT",Where True Happiness Comes From: How We Gain by Having Less https://t.co/lwPXIjyZBV https://t.co/Qx3SK1g3nQ,I love you lmaoo https://t.co/kR0PNf9XNd,Cant defend nobody in the community were really up in arms complaining people were begining to adapt and noticed a few things wereoverpowerd,"@stanxthexman + He's got a teasing tone, and he punches one of the other boys arms gently, eyebrows raised","Even in remote places like Algeria, people are #findinghope. ‚ÄúEvery Tuesday night I call my friends and ask them to‚Ä¶ https://t.co/IdXoxr1IoY",Rise &amp; grind üí™üèº,@cattcabantac thank you kit üòÖü§ó,See if you can solve the #brainteaser! A brain teaser to finish off your Saturday! https://t.co/f8Xe3DS75E,@ladivaza Re samee,"""JAVTITs"" https://t.co/UPIEmp0whr The latest article is uploaded #javtits #JAV #boobs #tits #fapmaterial","‚ÄúIf your phone has sapped your powers of discernment, you‚Äôll believe anything it tells you.‚Äù https://t.co/Act194CDca",RT @lilomatic: I don't see any political party delivering on promises of gender equality. Women have to vigilantly demand their sp‚Ä¶ ,Roll one...,1. Don‚Äôt pick up the phone. You know he‚Äôs calling because he‚Äôs alone.,one person followed me and one person unfollowed me // automatically checked by https://t.co/FDiBoHDdIN,"RT @inspirestagram: Dear best friends, no one will replace you in my life.",You need to be surrounded by people who can hold up their end ... More for Pisces https://t.co/Wyst1Xdsq1,RT @AllIndiaRKFC: @superstarrajini Thalaivar stills from #2Point0 #3DMaking https://t.co/dIUwHGN3oR,"RT @RepBarbaraLee: Today we remember and celebrate civil rights icon #FannieLouHamer who would have been 100 years old today.
https://t.co/‚Ä¶",@_Mondly Now I want to know if it's trueüòÇüòÇüòÇ,"RT @milkysehun412: ""I Love Oh Sehun"" in many languages‚ù§Ô∏è
‚ú®: https://t.co/3byolmDYvY https://t.co/rrx5DoUmwa",RT @r7465__: Finally someone that rates him. https://t.co/P5MEyPTI0d,Sat 09:02: Light Rain; Temp 16.3 C; Wind S 11 km/h; Humidity 98%; Press 101.3 kPa. https://t.co/PNoaikYghh,time final exam bulan 9 and exam bulan 5üòÇ https://t.co/gtB3KZGVG9,"UNLV Hockey AC Nick Robone Saved by Brother, Friends During Las Vegas Shooting https://t.co/FJK1bhgupq",Goodnight ‚ú®,RT @chinalinestan: Krisoo thread! üòà,"RT @BaeilyBible: His voice
is my favorite song. 
And his eyes
are my favorite
painting.","Ôº†null October 07, 2017 at 10:07PM https://t.co/Dq5A4dr0Mz",RT @danjerdays: 1: bad post https://t.co/xS4FzW3Xv7,@maddulopes2 @Bea131994 Aham,Official opening of the #foxhunting season goldens_bridge_hounds  #mistymornings #northsalem @‚Ä¶ https://t.co/WLDIfAhzrJ,RT @SpeakComedy: Me tooüòÇ https://t.co/iieUwR67tJ,This Is Why Annie Idibia Feels Like Giving Up Most¬†Times https://t.co/3VFboUMdS0 https://t.co/yPMYTkgcBX,RT @randlight: Politicians' spending under the spotlight as first independent report is released https://t.co/3xpTeYTYc5 via @smh  please n‚Ä¶,I lied. I am now taking 8 classes.,Yanni- If I could tell you https://t.co/Ge1HL11KVD,RT @BreanaaaNicole: Your girlfriend not gonna like any female you use flirt with or date so don't argue with her bout that shit,RT @SexualGif: when someone asks me about my ex https://t.co/CHFWT2yWBs,RT @eliza_zawacki: 28. I CACKLED the first time i saw this https://t.co/CbixWt8QkW,Touch It #MPN #ArianaGrande #ArianaGrandeInstagram https://t.co/2L1LjYMOen,"Im that guy ,you know,the single","@jasonsechrest Thanks üòî one more thing
I've failed at...","@ReignOfApril I knew the second I read her statement saying ‚Äòshe let her colleagues down‚Äô, they‚Äôd use it against her. üòí",@deray Notice he said kap and not y'all other NFL followers https://t.co/tgrjdbXq60,"RT @goldietaylor: Y'all, I am tired. https://t.co/ALW574CAMF",'Friendable' The Worlds Social Network. https://t.co/i3CYHSvgkY #indiegogo #bonus #cybersecurity #equity‚Ä¶ https://t.co/YxnBnFOzxv,RT @eisenluthor: IF YOURE HNDER HIM YOU AINT GETTIN OVER HIM I GOT NEW RULES I COUNT EM https://t.co/tcRfKDNWnc,RT @KoolSchofield: Mental the sound snow makes from 650ft!!! ü§ôüèºü§ôüèºü§ôüèº https://t.co/dtbET1asZ9,"RT @erenya61: I have two pains
A Turkish family is still missing on the 13th Day and it is happening in my beloved country Pakist‚Ä¶ ",RT @AllisonRaskin: OOOOOOOHHH! Now I get it. https://t.co/rTC5AhFOrJ,"RT @DrJimmyStar: Captain Of The Lost Waves Wins ""Outstanding Songwriting Award"" At The Yorkshire Gig Guide Awards https://t.co/0BCZmzvmXq",@MoviesTWU I'm so excited for Stranger Things. I have high hopes after the first season which I absolutely loved!!,"RT @rainnwilson: The EPA (the Environmental PROTECTION Agency) is rolling back ""The CLEAN Power Plan"" to burn more dirty coal.",@18bradka @kennakellis aw thanks  Kara üòò,"RT @JGreer_8cho: Beyond blessed to receive my first offer from University of Tennessee Martin üî∂üî∑
#GoSkyhawks https://t.co/JYOkoUWKyd",RT @lamalabani: That‚Äôs my girl üòçüòç https://t.co/ppE42jWTft,"@BBCWorld Catfight!
Get some popcorn and soda.","RT @Howard_Dayton: ""The currency of this world will be worthless at our death or at Christ's return, both of which are imminent."" ‚Äî Randy C‚Ä¶",How much would you pay to for #energy if you weren't on the grid? @DevImpactLab is helping #Kenya figure that out: https://t.co/G2ha2IYo1W,"RT @ThisIsRobThomas: Happy to announce that the 7th Annual @sidewalkangels benefit shows are coming January 12-14, 2018 at @BorgataAC! http‚Ä¶",Sometimes your #SmallBiz #website just needs a few tweaks in order to make it perfect. https://t.co/cUiYnxnupm,RT @StuartAllenFCMI: Thank you for joining #WorcestershireHour¬Æ tonight. Be sure to join Wednesday at noon!,@heathermgirls I just got to it! That‚Äôs what I was thinking but I wasn‚Äôt 100%,‚Äòstressed‚Äô seems to sum my life up pretty well,RT @SexFactsOfLife: exactly how my marriage will be https://t.co/B5SSRQvIqo,"RT @DelReyStarWars: Our #FromaCertainPOV panel from #NYCC is here! This was such a great event, so happy to share it with you. https://t.co‚Ä¶",Coolest place I have been in the past year (excluding japan) #israel #dontbelievethemedia https://t.co/koWL1v1Ckh,What a finish by McClean! Finally some action,"@_KareBear93 Answer: yes. UNC NCAA titles: 42, top 10 for titles. Georgia: 29. https://t.co/ojUlGxuZpz",@DustinDietz18 @BaseballDo @ashholesimmons DustinToDust,"@TheNYYBabe @Mastercard Lucky lady,so jealous. Let's go yankees üëèüëèüëèüëèüëè",@EmmaGritt 3 carefully and cleverly groomed they are unable to disclose what is happening to then.  It is tragic an‚Ä¶ https://t.co/DKxvPIqYeO,Slipping Away by Grayscale,RT @childishgxbino: That‚Äôs.. that‚Äôs not how that works.. https://t.co/Wzxrl1EkUJ,RT @TheRebelTV: #UK media ignored @lads_alliance March. We didn't. @TRobinsonNewEra was there:https://t.co/EEXMpGUlBs | #tcot‚Ä¶ ,RT @Connor_Wayne: My brother is the best guy I know https://t.co/dGeaGEdUgW,RT @shehzadyounis: N. Korea unlikely to give up nukes if Iran deal fails ‚Äì German FM https://t.co/Ljzom4GQpT,RT @principaleagle1: Good luck to @VBOvertonEagles as they begin FKC VB Tourney play tonight at 7PM vs. Loomis/Eustis-Farnam winner.‚Ä¶ ,WILL YOU DELETE THIS JEYSR FUCIKB CHRIST ANNA DONT EXPOSE ME LIKE THIS https://t.co/MfbqkhanZQ,"RT @AnthoniaOrji: Don't allow your loyalty to become slavery. If they aren't appreciating what you bring to the table, let them eat alone.",RT @lildurk: Fuck being nice,@thehill Because they haven‚Äôt held a parade praising Trump for his flawless response.,RT @seth_gor: I have laughed more than I was supposed to üòÇüòÇüòÇüòÇ https://t.co/tzaKoZS4Hw,RT @sza: This breaks my heart !! PLEASE DM me all of your names and info ! The next free show we GOTTA kick it first üôèüèæ.Love‚Ä¶ ,Geme https://t.co/O59rqDjiAd,"RT @ulat_bulu_bulu: RT : Gentel paws.
Like : Kiss hidung. https://t.co/nVQg6jz9WC",NEW JOB: Sous Chef - Bee Recruitment London Ltd - Woking ‚ûî https://t.co/oBlEtre0g2,RT @RuthieConnell: .@rosemcgowan silenced yet Trump trumpeting. What's going on @twitter? Did you get intimidated too?‚Ä¶ ,RT @100GreatNurses: Some tips that may help #nurses deal with burnout https://t.co/sRSnQglFQZ,"RT @mitchellvii: Maybe if the Democrat Party hadn't aborted millions of their contituents in the womb, they wouldn't need illegals to vote‚Ä¶",RT @AyeeLibra: I messed up by having two cups of coffee https://t.co/MdjFb4cfoc,"RT @UrbanAttires: New Jersey's // Limited Stock 

-Shop https://t.co/zeDCznDRTN https://t.co/hP9NPOlMWl",RT @politico: The little-known war on terrorists in Africa is becoming more perilous as a growing number of troops are deployed‚Ä¶ ,"Dear @realDonaldTrump , despite being called ""SUPERFUND SITES"", this is not SUPER! https://t.co/lTvfEAikm8",RT @BW: The secret fear behind Trump‚Äôs attack on Corker https://t.co/mvhrCE0c5n https://t.co/c0L4rYLyu1,RT @michellemalkin: Merge them all into the Social Justice Scouts and be done with it. https://t.co/Q7GzjVcac5,@nellyboy79 @GetYourTipsOut Or matt Phillips,"RT @LorenPangkiwat: @Miho55Nishida Good evening too my dear..

CongratsMiho TLS",RT @SpeakerRyan: BREAKING NEWS‚Üí The US District Court just upheld the House tradition of opening each legislative day with prayer.‚Ä¶ ,RT @Teharve: new phone who dis.,@INCIndia @jothims Finally found in ladies toilet,RT @jadesreputation: protect her at all costs!! https://t.co/zHqdf6KSon,How to Pronounce Inter-segment ‚Ü∫RT‚ù§ https://t.co/w5vbdk6ZP4 #,@mikeydotts Ayyyyy I‚Äôll prob buy the tickets Sunday when they cheap AF,"Driving to Aparecida, sharing real-time road info with wazers in my area. ETA 1:42 PM using @waze - Drive Social.",RT @imtooalive: no Eminem slander will be tolerated on my TL from here on out. https://t.co/fCTbCSLcEK,RT @eissolomon11: This is Golden. They are so Dumb. Just like Eminem in his hoodie. #ThrowbackThursday #TBT #UnmaskAntifa https://t.co/KtYB‚Ä¶,this really saves me from anytime else :(( https://t.co/VH7QrvBjDo,"Kaleidoscope of Postmodern Life, Part Twelve: Deep Thoughts on The Fall ‚Äì On Sacrifice, Dominion Over Death ,... https://t.co/sTAft3LycJ",@realDonaldTrump You are a disgrace.  Disgusting human being.  Worthless.,RT @Lucy_Worsley: Rather lovely October sun in Kensington Gardens. https://t.co/PZsV9gQCib,RT @hobbsy98: Ben stokes the man  https://t.co/VrunQD3kQ9,RT @Pathoutlines: New Case of the Week! #Thyroid. For case and diagnosis click here: https://t.co/OT72gCJUlR. @Pathologists https://t.co/vC‚Ä¶,still,Love those engaging and interactive Math Action Walls @NISDMaryHull Inspired! @MaestraJonasz @JennAntuna‚Ä¶ https://t.co/YHgfOCZ8qd,CareerSource NEFL Daily Hot Jobs List  #csneflhotjobslist10.12.17  #nefljobs https://t.co/yYWfSNLYNz https://t.co/p8Md81rGz7,Y'all think he gonna average 20 and 18üòÇüòÇüòÇ @DaveGardiner93 @MainAhTrackShun @josh_matti https://t.co/WY3NxIjoq6,@fleurcarmina üíñüíìüíïüíùüíò .. I KNOW PLENTY SHARK FACTS ! https://t.co/hxltv2YqRi,RT @Rachael_Swindon: Epic ucking ail rom Theresa #MaysSpeechInFiveWords,@mobyzone @BigBen180 @Gezzyprice Oh is that why?ü§î,"The #urbanism of octopuses? Tempted to make a normative, almost structualist argument for humans &amp; #cities, but ala‚Ä¶ https://t.co/rdCPGNzdWV",@chuckwoolery You people are pure fucking evil.,Credentials check result:SubscriptionExpired https://t.co/5CbTJgL5Kf,Setting up the trap for the other raccoon.  This time I don‚Äôt think it will be that easy.,RT @IntThings: Some days you just have to create your own sunshine,@debbiesturgis1 I say all other colleagues should take break from work too when mus go to pray. Start work when the‚Ä¶ https://t.co/4LH0uDkMyi,RT @SciBugs: You wanna know why I'm not afraid? Because of my friends @RecluseOrNot who help me propery ID spiders! #FaceBug‚Ä¶ ,@mylifeiskirst Hahahaha for real though!,@candygirlsmp3 neesan gonna force her way in and come back just for midnight stage,"RT TheFunnyFml: ""Your parents must be so happy to have you home from college"" https://t.co/RWDqeMWLmr",@joycebulifant I will let you know as soon as your book arrives ü§ó,@hippyjamfest_ Remember when you and I went back and forth playing this via Facebook messenger,RT @pfac51: CAN'T OR WON'T ? SEEMS ODD. #GBR https://t.co/9S9YXXkHOD,RT @AlMatheson_1: #SenseWrds 319     In its umbrageous corner     an old chair old time sits upon     future's child at.. https://t.co/‚Ä¶,"quit trying to enter my world and cause disruption, you will politely get evicted","RT @bieblesshawn: you one of the most precious things I have in my life, I love you so much, thank you for existing, could you follow‚Ä¶ ","Just Hiphop Bro üé∂
üôÇBeat from today but without the guitar üé∏
.
.
#beatmaker #hiphopbeat‚Ä¶ https://t.co/k6TgoCyluQ",@dunathema @emilykmermaid i never do photo ops i prefer the selfies. cheaper and i can talk to him and he takes a ton,"RT @dessalexandria: I'm already ready for 2017 to be over, I'm over it.",@lnnikpule You irritate my soul lmao,@mark_marsella @cdavid15 Cool. Was buying it while the wee fella watch drinking his milkon my lap. Surprised I didn‚Ä¶ https://t.co/Rqw4XEdIDc,@charlottechurch You look stunning x congratulations x,RT @jvsss_: Can‚Äôt tell Your every moveü§ê,"RT @cpipgmu: Only one more week until our 2017 Fall Conference!

Join us on October 12-13 at Scalia Law in Arlington, VA. 

https://t.co/bd‚Ä¶","RT @femalebook: If a girl ever text u saying ""u know what I find funny"" just turn off ur phone u don't wanna know what's funny","RT @cbxiumini: I would like to speak to all exo antis out there to say that since it's october, can y'all step up your game and call us exo‚Ä¶","Yep. No clue what ESPN's doing here, or why they feel there's value in this junk. https://t.co/TK74XOrpXz",Week 5 Adds https://t.co/13a3y7NOp3 https://t.co/Mjp1u18plY,@MiMiLuvsMakeup Thank you.,@audrey_halm @FoxBuchele oh for the VR Jam thing? I need to sign up for that yeah...,@pandalunluns That super hero remember D:
