RT @AstasiaWill: A mood. I love New Orleans. https://t.co/sSRISjb7hN,"RT @AbeikuSantana: #Magicalkenya
#Seekenya
#Whyilovekenya Sights and sound from #Kenya the pride of Africa. Thanx‚Ä¶ https://t.co/nzx2qNnHlT",RT @DEMOLAEXPOZE: The max is bringing good music to you everyday and overtime. #FeelTheMaxMusic https://t.co/U0HEmIYTfB,RT @danitheproblem: early birthday gift from my bf üò©üòÇ‚ù§Ô∏è i'm speechless rn omg https://t.co/PNDO7wzXuY,RT @IPS_Association: Well done @Shamsher_IPS @SuratCityPolice @IGP_Surat https://t.co/6yxMvFeHxz,"Just favorited ""Ged Cavanagh - Anthem City (30th Sept 2017)"" by Defiant Radio on Mixcloud https://t.co/zYdhAvi3Cx","RT @bbcle: Sometimes you need more than one way of telling people how you feel. üòü

More: https://t.co/qUkqQ9dZwN https://t.co/hKUPVea6Su",Fresh Food ‚Äì Joomla Template for Organic Food/Fruit/Vegetables https://t.co/o0NGT9zRZL via @themeslide,"RT @Juice2Wavy: On the next episode of ""bitch we been knew""... https://t.co/oaqBUXJI23",RT @OLZANSKITWINS: i love you if you‚Äôd rt this https://t.co/5RptcJiNI6,"RT @somalijawn: ""sad. very sad. tragic. good people. im a fan of country music myself."" https://t.co/jiz8pebP1i","What Is Ijmaa' &amp; How Does It Work? || With The Shaykh

Watch the full video here: https://t.co/wBZr1U3atW https://t.co/hQ1OrJajTl",Compassion over Captivity. Eco-tourism destinations around the world #WOWvTaiji https://t.co/SAyqfhEMnv,RT @ThePastelWords: That‚Äôs the spirit! https://t.co/KPXmZWF4Sb,"RT @spankyevans1: Better keep yo shit on you, you never know üòÇüòÇüòÇüòÇüî´üî´üî´üî´ #MemphisTN #901 #STOPLACKINCHALLENGE https://t.co/mwJxpRvg5q",I use this app to know who enters my profile https://t.co/xFlLtirGV3,"RT @IamTee_07: These two are life
@IamEJF 
#KRPKAB https://t.co/5Oo5ZuVXHZ","RT @FluffSociety: If this isn't the live-action remake of Bambi, I don't know what is. https://t.co/Wwflpv9Y00",@LiamCoffeyB Better get reading https://t.co/mcvhJZ8QLh,RT @blvckNC: Aye give my man back his snacks yo https://t.co/6pfZD7G51V,"RT @CASA4Children: Every 19 minutes, an #opioid addicted baby is born in America https://t.co/CUeDR3Bggc https://t.co/dkSnQxPfJX",RT @bitchlerrie: no lie this actually makes me so happy x https://t.co/qHVUlwQZn6,RT @tariqnasheed: The white supremacists are trying to spin the Vegas terror attack into some anti-Black rhetoric https://t.co/je9RT51bkU,This Is One Of The Best 9-11 Videos Produced! https://t.co/TKij6aXDbN via @YouTube,"RT @CREWcrew: President Trump's budget calls for a $9.2 billion cut to education.
https://t.co/KYlxy6b2qa",'I just heard gunshots raining down': Woman describes horrific scene of Las Vegas shooting https://t.co/Nl9g4XqX4O https://t.co/VaMHHavhkr,RT @ShopGlimmerGlow: These heels https://t.co/SB1v94AtdF,RT @sweetpeachjisoo: THIS IS YOUR LAST CHANCE TO RETWEET THIS WHILE YOU STILL CAN. https://t.co/lipqyKBMCm,RT @EIiza_Strope: Obsessed with everything on https://t.co/WYh7ExOYUjüò≠üòç https://t.co/4kS34qw3Vq,"RT @seventeenfly: SEVENTEEN FULL COMEBACK

6 NOVEMBER

6/11

6+11 = 17

never underestimate the math idols https://t.co/PueOpYVmV2",RT @thehill: Johnny Cash's daughter Rosanne urges country musicians to stand up to the NRA: https://t.co/zPz5JLawaJ https://t.co/8f80vBpomM,RT @AmazinVoices: Prince performing Purple Rain ‚òîÔ∏è 10 years ago üôå https://t.co/vTnYHNNGrw,RT @itsSOUEquotes: omg omg i want them all üòçüòçüòç https://t.co/3j0sCI6HNl,"RT @oti_tweets: RT my pinned tweet to gain 1,000 follows everyday Retweet #GainWithXtianDela #NaijaFollowtrain https://t.co/Nlv7VVYPFM",Heracross‚ôÄ Struggle Bug/Earthquake (IV: 69% - CP: 1848 - L: 23) until 03:31:10pm  https://t.co/GOcUBr3k5P,high all the tiiiime https://t.co/UuzIY1u2Ts,RT @Cubs: Strong at the back end. #FlyTheW https://t.co/PtilY170OV,[ https://t.co/E6u21Sffz0 ] Tesla shares recover from bottleneck fearshttps://goo.gl/fb/dcGm7w https://t.co/vFY7q2oZA7,@SebDance Mr Dance u r just one part of utter treachery played on British public over the last 45 years. 17.4m peop‚Ä¶ https://t.co/2vt3cxcGmc,FUCKIN MOOOOOOOOOOOD https://t.co/myLyXwpP83,"Promote your #hiphop #music and #musicvideos on #ArtistRack the no.1 #musicblog for 
#indieartist https://t.co/BAxsPTTe2o","The Who, How and Why of Google‚Äôs Real-Time Reporting https://t.co/nhQoTC0Jer #SocialMedia #DigitalMarketing",RT @Variety: .@sonic_hedgehog is getting his own movie https://t.co/q0is3eYVWA https://t.co/SUAOHtqtvu,This dude is shooting hoops with toilet paper... https://t.co/6HxBc2mmGY,RT @kell4ynicole: It‚Äôs my mans birthday  üò©üò©üò©üò©üòç https://t.co/pEXEp0HHUL,RT @AthIetesMotive: DEAD üòÇüòÇ https://t.co/80A3gb6Ugu,"Single Family For Sale In Calgary, Alberta, T3b5s9 https://t.co/XawJQ8wvAA https://t.co/uRt5e2IQuh",Paul Ryan Sides with Hillary: Shelves Bill to Deregulate Suppressors - Breitbart https://t.co/Qna9N7EKtO,"RT @REALLlFEHEROES: World War ll plane found in Nikko Bay, Palau... https://t.co/k3tRJ2t7PO",RT @SadhguruJV: Draft policy recommendation presented to Prime Minister @narendramodi. -Sg #RallyForRivers https://t.co/Pqr8egaj0k,RT @ost247: INTERESTING üëÄü§î https://t.co/NS3kFosku6,"Amazon Sale Starts: Offers on Mobile Phones, Laptops, TVs, and¬†More https://t.co/ZQ3VmOUM5Z https://t.co/gwvLfJfFyO",My favorite human being‚ú®üíû https://t.co/ZSdSe1Z08T,RT @PatChappatte: #Guns in America: SEE the cartoon gallery &gt; https://t.co/atd1KMAw3O https://t.co/NwqlefA8oL,"RT @JYPETWICE_JAPAN: TWICE SEASON'S GREETINGS 2018 ""TWISTAR""
PRE-ORDER
10.02(mon) 12:00~10.16(mon) 23:59

&lt;Regular&gt;‚Ä¶ ",RT @Uptondaily: Riverdale Water Company Angling to Supply Water to the Town of¬†Northbridge https://t.co/dIH2aygzOF https://t.co/ZfDKC9uWdI,Warning Budget tax changes could bring trouble from Europe | Bailiwick Express https://t.co/iMqY8nCLdD https://t.co/OzBGadosd5,RT @pewresearch: Americans‚Äô online news use is closing in on TV news use https://t.co/Jtkil1rdi1 https://t.co/WFBiFNdndT,RT @MirrorFootball: Cristiano Ronaldo sells Ballon d'Or for incredible reason https://t.co/qxZBqfEG6Z https://t.co/BDYsUG3LxA,@TheExpatterson do you need a fancy dress? https://t.co/3ysnYZm0LR,Cats Jumping - https://t.co/pV1AZkiS0F #CatsJumping #funnyCats #amazingVideos #funnyVideos #cats #kittens,RT @EugeneLeeYang: Howl you doin'? https://t.co/5yKFILjFuD,RT @KTL_Shawty: Say it louder for all the shallow ladies in the back üó£üó£üó£ https://t.co/li7lg3LBwc,"RT @MayWardArticle: You have to see this #NothingIsImpossible moment with LizQuen, MayWard! https://t.co/dctRMhK17M via @StarCinema MAYMAY‚Ä¶",RT @boohooAus: WANNA WIN ‚ú®‚ú® $100 boohoo dollars üí∏üí∏üí∏ Follow the link üëâüèª https://t.co/WPIhO08ZQH https://t.co/RV30kPL48w,RT @SincerelyTumblr: how i sleep knowing none of my homework is done https://t.co/x8c5RQV3NT,"God will make a way...
üíú‚ú®üíú‚ú®üíú‚ú®üíú‚ú®
#GOD #JESUS #faithoverfear #trustingod #love #faith #letgoletgod #ibelieveingod‚Ä¶ https://t.co/dfXzskl17J",I'm waiting for your call. Let's talk ;-) https://t.co/1pDkUgeoB8,ULCCS to develop centres of excellence in schools https://t.co/XwobHZk8ym #kozhikode,RT @Hippy: This is the most depressing thing i have ever seen https://t.co/TVmZHkmLHy,"RT @CarolinaHuddle: The best thing you will read today, guaranteed. 
Smack talk from the famed SCP. https://t.co/kCyQzertpk",Randall Woodfin. Chokwe Lumumba. Stacey Abrams (fingers crossed). Wins like these give hope. They give me hope at... https://t.co/VEq6AOVjtz,If you haven't heard of @FrogLeapStudios you need to go their NOW-2M subscribes on @YouTube can't be wrong #SUPPORT https://t.co/T4ojlGr6Bf,Home Secretary - there's nothing to be proud of in your tech ignorance! https://t.co/0Tt79Y85Jx https://t.co/UHAbH9GkMD,"RT @VlNCUNT: üñ§MANIFOLD FINALLY OUT SHOUTOUT TO THESE DUDESüñ§

https://t.co/6ijquZnYf8

@_lilbroken @NineCallisto @_sinnerofficial @LILXANANT‚Ä¶","#NowPlaying ""DO YOU REALLY WANT TO HURT ME"" by Culture Club /// https://t.co/xtYFXzMHgx",New Fashion Women Sexy Halter Off-shoulder Blouse Long Sleeve Solid Casual Loo https://t.co/ZIXK55iy1G #dresslink https://t.co/ystFiP6zv6,Nick Jonas will perform on #TRL on MTV today at 3:30PM ET. Demi Lovato was previously announced but is unable to pe‚Ä¶ https://t.co/NyRWaaJRvj,"RT @TomarraWagoner: be white. thats the answer.

white people, whiteing againüòí https://t.co/MWzDCl3esZ",RT @silverbract: Are you disgusted by the shameless #hypocrisy of the #GOP? It's time to speak up &amp; #VoteThemOut!!!‚Ä¶ ,"We know what the fuck you communist bastards are doing... you aren't fooling anyone, every race of Americans is on‚Ä¶ https://t.co/beeyQ57Tbw","Following through with your intentions is crucial today, but y... More for Libra https://t.co/4keqjnH09P",6:50 AM TRAFFIC CHECK: Caution! Railroad arms aren't working at Main/4th St &amp; Stone/6th St. Take 6th Ave to get dow‚Ä¶ https://t.co/Ixy5LeylIw,@scye6 Order the best quality papers here https://t.co/2cm950vfrg Enter EW21PER in your order to get a 21% discount!,"#Repost neymarjr (get_repost)
„Éª„Éª„Éª
God bless üôèüèΩüò¢üòû

#prayforlasvegas‚Ä¶ https://t.co/h2cEhRTajM",Major League Baseball pilots contactless baseball tickets https://t.co/TicWKs7ISa https://t.co/zPmeFpRao5,"#DriveTimeShowPh  with @alanbright999 NP: ""Bam"" -  @s_c_ @damianmarley #thebeat999liveinph https://t.co/4JaI8cublq",On jung ma the dark side is victorious. Victory state will last for about 30 minutes https://t.co/KtPbM801zo,"Manafort conspired to mislead federal bankruptcy court, says son-in-law https://t.co/mk7p9d84Uz","RT @Chennaiites: Enna manushan ya üòçüòç truly inspired @Suriya_offl 

https://t.co/aiajYl7pSP",There should be a statue of this guy on the Strip. Hope he's okay. https://t.co/nZCAFBK66l,Requirements and Test Design Reviews for Effective Testing https://t.co/4O7lmhYzQx,"Tag your beautiful friend‚ù§With so much worry, anxiety, fear and sadness going on in our country‚Ä¶ https://t.co/kPtcw0CrOM",My name is Rachel ‚ÄòX‚Äô https://t.co/pihCp5Hu7K,RT @CompleteSports: EXCLUSIVE: Zambia Captain Mweene Sits Out As 18 Chipolopolo Stars Train Tuesday Morning In Accra https://t.co/U5Azog6Ipn,SPG Hot Escapes For The Next 6 Weeks Up To 35% Off + Extra 5% Off For Members (Book By Saturday)‚Ä¶ https://t.co/h6WbMnW1AG,I'm recruiting for a Electrician - Emergency Lighting on https://t.co/BxqLJ62bq4 - https://t.co/zEbCIjLxGU,Big news for Watertown. https://t.co/2F32XeVEJo,Happy national boyfriend day. Y'all are cute together ‚ò∫Ô∏è https://t.co/f5GnDli6eL,RT @Patriots: Welcome aboard #AirKraft: https://t.co/NGBAHvA27T,yall i spoke too soon ....... honestly god when will this depression end .... https://t.co/1eUvQ6Aalv,@SimonMonger I have no doubt about that! https://t.co/YYAMsRrkEm,Great to be here with you @Leigh_LJC !!! https://t.co/JmJ6t1Wv8p,RT @2tweetaboutit: Boris Johnson‚Äôs Remainer dad now backs Brexit ‚Äì thanks to JUNCKER https://t.co/PafX1nj0QW,omg he is like yup im great https://t.co/T3pR3cXdIs,"RT @BleacherReport: Maya Moore, cold-blooded. #WNBAFinals https://t.co/Q7LresdjYt","RT @_PaulMonaghan: Another egregious error: ""Spanish court investigates Catalan police chief for sedition"". https://t.co/V06GdlCHTm","Learn the latest tools, tricks and hacks from a productivity guru Ari Miesel . https://t.co/xZB76YEhQm via @foundrmag #podcast",Rectangular Nail Stamping Plate OM-B12 ‚Äì Bombastic Nail Art https://t.co/HFh10WYiLg,RT @AshleyCoco_: lil yeeks https://t.co/imyWjTxb3K,RT @ChanheeNoona: [Article/Trans] 171005 SBS naver takeout w/credit (1)  #SF9 #OSOLEMIO #Sf9_1st_Anniversary https://t.co/B0pQrYspqr,RT @charismadelaine: Sooooo this just happened.üíô @ylona_garcia https://t.co/Vo73pncfCE,American News X https://t.co/gxbu3CzCKu,"RT @_IamRb3: this vine makes me laugh everytime.. #ripvine 
 https://t.co/X3r15e1ThX",Updated: Construction on #NJ24 Both directions from Exit 7 - NJ 124/JFK Parkway to West of I-78 https://t.co/edcvPW35iL,.@wheretraveler is giving away a trip to NYC &amp; the chance to connect w/ #TmobileTimesSquare:  https://t.co/LKMOwOqjyY,"@syedsigaraga First, bro bro pelancau rempit. Next thing u know, I'm a top https://t.co/ODVV6hiZKG",RT @mingyuhuhu: Biggest Carat bong in the world!!! All for you @pledis_17. üíù https://t.co/ZgSQwBNNMc,RT @Biorahul: #IttefaqTrailer looks good https://t.co/3RoC5iz9ir No music credits so assuming no songs; just how a thriller should be.  Loo‚Ä¶,RT @TheOnion: New Bill Would Limit Abortion To Cases Where Procedure Necessary To Save Promising Political Career‚Ä¶ ,"today's stats : 3 new followers, 1 new unfollower, 180 non-followers. found via https://t.co/HiWfSo70xS",RT @PhillyTheBoss: Chemical warfare. https://t.co/aOBqfdSJT1,RT @AdamParkhomenko: EX-CONVICT MICHAEL GRIMM: STEVE BANNON IS 'VERY EXCITED' TO GET ME RE-ELECTED TO CONGRESS https://t.co/Ly85RqxB13,"Own the tech companies that will dominate the next decade. Invest in: Apple, Google, Amazon and Facebook.‚Ä¶ https://t.co/ZhmsD328Rn",RT @HoroscopeVibes: Most similar signs https://t.co/6TJRtQGf8o,thanks https://t.co/hZPzqyxJL6,RT @sko12: #TheKeyTo beating @SkullsNCookies at NES is to not play üòÇüòÇ https://t.co/VVHd1ItQ4q,World Bank increases growth forecast for China to 6.7% by 2017  - https://t.co/EBt6OvJhLj,constant mood https://t.co/i5RYXqZw3b,21. Deep Space and High-Energy Phenomena - Dr. Christopher D.... #Astronomy https://t.co/uFUxNcrwG9,"RT @Mayyyyy_Z: YOU ARE
#JacksonWang #GOT7 https://t.co/MAby07rv7O","RT @AG_Exposed: I #shadow to think 

#blackandwhitephotography https://t.co/ICV6PN43xI",RT @BrandQuarterly: Artificial Intelligence Ushers In A New Age Of Cognitive Content Marketing https://t.co/S032YaA7N2,RT @birdwriter7: Snugs the Snow Bear (English Edition)   Suzy Davies https://t.co/xlXixMSdMg via @amazonJP,The line for this cake was unbelievable long. Very impressive https://t.co/ueKnqKHLeA,RT @unbvsedqueen: How you wake up fine? https://t.co/dVuU6qS4Mf,RT @amtvmedia: For those that don't believe me watch this video recorded on 3/22 WATCH FULL VIDEO: https://t.co/Bv3kelgjMT‚Ä¶ ,RT @MrLaBroad: Check out @EstabrookGrade2 students‚Äô #Picasso puppets at #estabrookschool https://t.co/Kkl2d0odDP,RT @taeminchive: HE‚ÄôS SO SWEET https://t.co/LunCBTiAFN,RT @barefootboomer: LESS DEAD PEOPLE WE WANT LESS DEAD PEOPLE THAT‚ÄôS REALLY IT GUYS NO FOOLIN‚Äô LESS DEAD PEOPLE https://t.co/wSIwQf0XSW,Members! Come get a free drink on us! @thebigfriendly is AWESOME. https://t.co/V093aLoMDX,RT @chimilkeu: well... since we're here now... https://t.co/nWOaL0x0pr,"Hello fellow Real Estate Professionals

! Dream Homes Team has a few buyers currently looking for a 3 bed 2 bath... https://t.co/iuyiWBCjrJ",RT @askkboutdre: deadass . nobody got time for that https://t.co/Rne7Zhvr3d,"Check out my listing on Shopify! Halloween Pumpkin Patterned Yoga Pants
https://t.co/SwaLOsPBkJ",Personalized Gift Options which your Mother can‚Äôt refuse https://t.co/WFHiTM4mGk #formom #mothersday,Worth a read. https://t.co/3sy9Qj70tP,"We won't become Spain in eight months - Southgate: Gareth Southgate says England ""won't become Spain in eight mont‚Ä¶ https://t.co/tNugtYu097",RT @MoncivaisAmanda: literally https://t.co/or7D9HepMA,Pinned to dc comics on Pinterest: https://t.co/uMx3JOnd1k,RT @thatgirlsalina: pretty in pink https://t.co/dBbFj7AFid,"NOW HE CAN SING!!!
https://t.co/aspzIu7zM3","Well, that doesn‚Äôt sound ominous...üò≥ https://t.co/mzVt7WA41v","Is Star Wars Battlefront 2 BETA good? Lets see LIVE on twitch RIGHT NOW!!

https://t.co/DO4vE4xdhA",RT @KarenCivil: Solange debuts a new look at the Surface Magazine Awards. https://t.co/CO3rGdt4Qz,RT @myboycrush: Sam Smith and Brandon Flynn on a date üòª‚ù§Ô∏è https://t.co/NahDE689o0,Lucas Moura has been advised by former Chelsea defender Alex to leave #PSG and join Arsenal - (via L'Equipe)‚Ä¶ https://t.co/MXDJIOOP2A,[BTS FF Freelance] Caffein ‚Äì¬†Oneshoot https://t.co/nKmg10rH7H https://t.co/OMJoUSMcLK,RT @CamilaTraducao: Spotify playlist video de Havana! (parte 2)  https://t.co/FKeMCX1t6x,RT @nickantoNELLI_: Hey @WWECesaro I think I was a pretty good @WWESheamus replacement tonight. #WWExIGN https://t.co/TUYYYwcCIZ,You‚Äôre ready to rock out because the cosmos is playing your so... More for Aquarius https://t.co/AsE0xNrKby,Everyday #MPN #ArianaGrande #ArianaGrandeInstagram https://t.co/czXHbeSeop,RT @hyungpics: a deadly reminder of hoseok‚Äôs rainism focus https://t.co/I9ra1kZMNM,"New featured review:
If I could come back every week to see these awesome folks I would ! The experience can't get.‚Ä¶ https://t.co/5e0axrkb5Q",RT @KingMiller_: Racist Twitter finna have a heart attack seeing veterans taking a knee https://t.co/tJ9akn0O6N,RT @iafsha0: Why no one has posted this selfie yet! ü§îü§î #Naamkarann https://t.co/79VT4J9mDv,"today's stats : 27 new followers, 8 new unfollowers, 165 non-followers. found via https://t.co/vNC5qnqgiY","RT @ponnappa: .@taero_ from @GojekTech talking about Circuit Breakers, Hystrix and JRuby at @id_ruby https://t.co/qLHhyIPvuq",Please RT if you like!! #architecture #design #architects #interiordesign Amazon celebrates Charles... https://t.co/s5M9hzckdF,"This is my sick new banner designed by Pandi, youtube uploads coming soon so stay tuned! https://t.co/YHXdMNqILC",@viking_tiger @Sunshin00949091 @MongAliWha @Scarlett_Ohar3 @S4vi0urs @PaulGAtletico @Technideb @watspn1013‚Ä¶ https://t.co/Mb4aCnUXIM,RT @towerhilltube: üë®‚Äçüë©‚Äçüëß‚Äçüëßüë®‚Äçüë©‚Äçüë¶‚Äçüë¶üë®‚Äçüë©‚Äçüëß‚Äçüë¶üë≠üë¨üë´ Surround yourself with friends. https://t.co/Ek4K6nA5Ak,"RT @GalGadotNC: Ariel Winter Displays A Large View Of Her Big Sideboob As She Goes To The Supermarket In LA
https://t.co/d0E0KOCg5j","Your sudden outburst might surprise those closest to you, but ... More for Aries https://t.co/RUyL7etTfj",RT @_youhadonejob1: Corporate flow chart. https://t.co/WPhegE6JZf,RT @codejobs: Lets Make new Developers!... https://t.co/WjmU86rMaS https://t.co/ITKZkqhOXL,baseball https://t.co/2RiBvADESM,RT @begsforyou: THE FUCKING INTRO TO IDGAF MS DUA LIPA FUCKING DID THAT https://t.co/D4SGAloLs4,Top network security @rightrelevance influencers (https://t.co/GkShcdwCHZ) to follow https://t.co/mmL7nVDAea,Evanston housing commission expresses frustration with City Council https://t.co/OgqrBAGyNo https://t.co/sd2fb6dmIb,WIN 10 PAIR OF PAJAMAS!! https://t.co/e0623LbOu7 via @,2 people followed me and one person unfollowed me // automatically checked by https://t.co/G50bs47F4f,Summer of Overtourism: 4 Lessons for the Travel Industry #traveltrends #globalmeetings #pharmaforum https://t.co/SjIGchSL2n,Yall already know what to do https://t.co/EsmpSbkToC,RT @BCCI: Welcome back @SDhawan25 #TeamIndia #INDvAUS https://t.co/0qaqRNeHVH,HAPPY BIRTHDAY TO THIS CUTIE ZHANG YIXING üéâüíû https://t.co/kGmKK6QQAw,"LaNNy BOii had his song ""Ha Ha Ha"" reviewed by B.o.B's manager on his live show! And he gave the song a 1 out of... https://t.co/98plViUNoD","8 Best Sites to Host Your Podcast
https://t.co/ndyvcgJYqH https://t.co/5NegBdJyUn",RT @DailyLesbianVid: So sexy! https://t.co/Qz4PlIPH1N,Never look like a hot mess again https://t.co/Azm2EI7D0e,White House Dials Back Trump‚Äôs Vow to Clear Puerto Rico‚Äôs Debt https://t.co/BJXFdXYB0Q,Most discussed topic in Montreal right now: Quebec https://t.co/CP99Eb9G3Q,"Don't I know it, the alert is going on and on and on and on and on and on and on and on and on and on and on and on‚Ä¶ https://t.co/1piEMqKp8l",My youngins putting on for the City everybody need to be supporting these guys they WILL put Murrieta on the map. K‚Ä¶ https://t.co/YJgkWJiwsD,RT @aleexvillavll: FOLLOW ME ‚ù§‚ù§https://t.co/WnCV0MRdOG,Now playing: Peter Gabriel - Games Without Frontiers - Hear it now at https://t.co/CvzilQ85Yu #80s #80smusic,RT @MattPittmanFTU: Great having @GWillborn on @tweetFCL today! See him this weekend at @ComedyClubofJax! VIDEO: https://t.co/6N83kKIKZ8,RT @DesiMal6: Unlimited..... https://t.co/Xwmf9ekRaa,"RT @tonestradamus: ""Damn bae this isn't working go put some foundation on"" - nobody ever. https://t.co/fSioNaiwe4",@jungcait The internet is full of it; https://t.co/FNkmzkVFLp
