@_mnnmm_ いやそれはなるモチベ下がりまくって本垢消して鍵垢で荒れる(恒例行事),RT @Schoolswimwear: 弊カルデアです https://t.co/1BQTpSnBxk,RT @mmgamegg: 私のサンタさん https://t.co/cznFGns1Ef,RT @pet_home_help: 「生後5ヵ月半、野良の子猫２匹です。茶トラ♀、黒♂」愛知県 - 猫の里親募集情報(180506) :: ペットのおうち https://t.co/3Yex9J3sus,"@ToyohashiCopen 

フォロー失礼します。","@ankoromottyamo あんころさん、ありがとう！
そうだよね。特に思い入れが強い文章だと、得てして受け入れがたいような感想だってあるのかもしれない。でも、自分と違う感性をどのように捉えるかで、視野はいかようにも広まるんじゃないかなと思っているよ。",ダイナモやられ,"圧倒的な肉体美・・・！！土屋太鳳のスタイルが抜群すぎる！！ - NAVER まとめ https://t.co/fyW866YSmb
#土屋太鳳 #PとJK #トリガール",はじめての大剣はリアムでした！！！！！！！！,飛べない自分を変えていこうか　踏み出して何度でも　【果てない空 by 嵐】,@ayame_apricot やはり、ショート似合いますなぁ(*^^*),"RT @LINELIVE_JP: 🌏プレゼント🌏

「#さしめし」大平峻也くん×XOX とまんくんサイン入り色紙を1名様に🎉この投稿をRT&amp;フォローで応募完了💡当選者にDMします💌締切10/7

⏩https://t.co/otbo3WGBuM… ","@kinobuyu 記譜上はそうなのですがそのまま吹くと田舎っぽさが出てしまうような…
レガートタンギングやハーフタンギングでうまく強弱をつけないとスピード感が出ないかなぁという感じです。あくまで自分の感覚ですが…","一日かからずにランク50上げたww
普通にガチでやれば100は上がるな！ https://t.co/UhG6T85vsz",RT @sotu4721: あなたの推しは？,@ndk0901 マリとか玉突きみたいじゃねえか？、,RT @ohiratec_mega: 私たちは負けるためにいる。けれどその負けにはいつだって意味がある。私達の流した血が、文化を成長させる。しかし死んでしまっては、役目を果たせない。だから生きず死なず。最低限食いつなぐ程度は何処かで勝たねばならない。,ききちゃんにも送り付けたけど、ここの長尾くん最高に美しくない、、、？？？一瞬見てる困り眉最高かよ👏🏻👏🏻👏🏻そして指とんとんとんってやるしゅんちゃんカッコイイ🤦🏻‍♀️💞💞💞 https://t.co/ws5LV6ZHKC,"RT @jozeetora_usg: SCANDAL×USG 斎藤MC④
「アルバムを作るときに一曲だけどうしてもアルバムの色に合わないねってお蔵入りになった曲があって。Melodixの収録の時にSCANDALが演奏してたから見に行こーぜってみんなで見に行ったら、そのお蔵入りに…",@riripoooonnn 間違えた,終牙「好きなものですか？紅茶は好きですよ」,やぁい、ちびっこ〜(黙らない),"RT @livedoornews: 【おかえりなさい】種田梨沙が復帰発表後初コメント「ただいま!!」
https://t.co/DKfWYQKSmS

自身が所属するユニット「Rhodanthe*」のサイトで、8月の復帰発表後初めて自ら報告した。 https://t.co/Sy…","RT @matsudo6ubu: 【2017.10.5】
「次こそ殺処分ゼロにしていきたい」
生方家の愛犬についても語っております🐶
#立憲民主党  #肉球新党 
#動物愛護   #千葉6区
#衆院選2017  #生方幸夫 https://t.co/C1NvZGjUTa",褒めてもらうタグやって褒めて欲しいけど自分の褒めるとこのなさ自覚してるので褒めてもらうのも申し訳無く感じ候…（？）,"RT @saitamakita: 【ブラジル】ジャガーとカイマンの死闘が撮影される
https://t.co/GIpO8zPRZa

写真家クリス・ブランスキルはコリッショ・デ・カミンド近くでジャガーが見つかった報を聞き、即現地へと直行、この劇的瞬間を捉えることに… ",@Ryosuke_reika まじほしいわぁ爆笑,RT @4Rakt: 髪色ですどうですか、 https://t.co/qp2InguWui,米国防総省がサウジのS-400購入報道に懸念: https://t.co/h71br275by @sputnik_jpから,外人さんコラがうますぎる,@7soccer_naoki @_O_B_M_A_ 言いそうな顔してんのにな笑,"RT @7_____bts: グミの袋の中

@gumiko_bts https://t.co/hYZT3cydcr",RT @ver_398: 穴が綺麗ですね（奈落）,天使かな！？天使なのかな！？😭 https://t.co/piMVQ2eL1j,RT @sunameri0: 臣さん...... https://t.co/fnyJacefV4,RT @emicheem: おじゃる丸見てたらキスケの目が開いた #おじゃる丸 https://t.co/sTz5T5naj0,工事完了です・・・ https://t.co/KS3af3lbFT,"RT @umakazesakai: 選挙運動は、公務ではないです。
市民の税金を使って選挙運動をするのはおかしい。
つまり、松井も吉村も公務をしていないのです。
4割カットどころで許されない。ただの給料泥棒です。 https://t.co/l4vEFDdOYW","RT @Ma_v810273: https://t.co/QGCOqy7iK9
ナンセンス文学/Ma_v

歌ってみたから聴いてみて下さい",いやまああの肉が元は女の子だったという可能性も0じゃないけど,@isa_g123 そんなことないんだって！そゆ日しか撮ってないの！笑,ラーメン食いたい,Guten Abend！どいちゅはいま20時です！,"清多夏「……三時か…………むにゃ」
石田「(キヨは10時には寝るからな。今のうちにイタズラしようぜ)」
司令官「やめなさい！」
石田「うぉっ！？」
黒石丸「兄様、清多夏が起きますよ」
司令官「む、うむ……」
清多夏「ｽﾔｧ…………」",(;□-□)うぅ…老婦人…もう食べられませんよ…zzz…,『いいお兄ちゃんいただきました』,【相互フォロー】を希望される方が集まるアカウントです。 　「当アカウントをフォロー」☞「このツイートをリツイート」☞「フォローされている人をフォロー」 これを見かけたら RT しましょう。　　上手に使ってください。,RT @peccator_1: 特定の人種が反応しそうな道見つけた https://t.co/xM4gEc0PFA,ﾃﾞｨｳｩﾝ!!!(カメラに向かって),BONNEで、タペストリークロック ホワイト にいいねしました。 #BONNE 商品はこちら→ https://t.co/bidJ3jmx8I,いつもより早く寝れたはずなのにいつもより寝起きが悪いっていうか不機嫌になってるというか・・・・,美◆肌◆再◆生 美のｶﾘｽﾏたちも 選んだ炭酸の力の 秘密を今ﾀﾞｹ公開! https://t.co/RaN6kJqiVb,"RT @kirei_plus01: 忙しいモデルやセレブが愛用してる
ダイエット法がインスタで話題に！✨

私もコレ試してみたけど
１週間で-6kgも痩せれてビックリ💓
→ https://t.co/IC2TEH0p9Q

急に痩せ過ぎて心配されたけど
無理な食事制… ",進〇ゼミはうんちです,"RT @sonzaix: 正しさのこん棒には、二種類あると思うんですよ（唐突）。

一つは、『事実』のこん棒。天動説を唱えていると、地動説ってこん棒でぶん殴られるやつ。

もう一つは、『価値観』のこん棒。『これが正しい。正しさを受け入れないのは犯罪者だ』って気に入らないやつを叩…",エクシーズ使ったところ、見てないんだろ？,"マンガボックスで読んでる「異常者の愛」が怖い(ノω・、)
https://t.co/U8GvjYbIRs","@monst_mixi 画面固まってアップデートできない！
iPhone ios11.0.2
モンスト起動できないのでIDも確認できません！
どうにかして！",RT @AmeComiLife: ブリー・ラーソンがナイキからプレゼントされた“キャプテン・マーベル”デザインのスニーカーをインスタで紹介！大喜びの様子！ブリー・ラーソン主演、サミュエル・L・ジャクソンら共演の映画『キャプテン・マーベル』は19年3月8日全米公開。… ,@araihirofumi 昨日京都で見かけました！私はバスの中で待機中だったのでえ？！ってなったんですけど声かけれなくてw  まさか本人だったとわ…,RT @johnwakawaii: 入間くんとコラボします！こちらもよろしくです！ https://t.co/MLCfrqJ4rN,これで１フレーズ×５セット…手痛てぇぇぇ:;(∩´﹏`∩);: https://t.co/UokSU52VA9,朝からｲﾁｬｺﾗ https://t.co/8wTFABU39b,どちらもかわゆすですねぇ～～～( *¯ㅿ¯*),行こう　道が見える　《『少年魔法士』16巻》,RT @outrage_movie: 【#掲載OA情報】本日発売の #読売新聞🗞朝刊、#東京新聞🗞朝刊、#中日新聞🗞朝刊にて #北野武 監督のインタビューが掲載だコノヤロー！是非チェックしてくださいバヤカロー！ #アウトレイジ #10月7日全員暴走 https://t.co/9…,"20歳で37から52に、ってそれ平均的な体重だから
確かに増加率はヤバイけど、見た目は激太りではないだろう
むしろ、痩せすぎが「普通」になったのでは？",裂いてみた。寂しい…†,夢の中で地震あった気がしたがこれか,おうちにラーメンあったよ記念💮 https://t.co/uE7TGJP3f3,"正常な人と眠剤にやられてる人
全然目が開かないどーしよ https://t.co/TGKO9nUhTD",RT @Absolute_DI: 簡単に言うとパーフェクトイケメン諏訪部順一が人生こんなもんやろって達観してたらいきなり現れた鳥海浩輔な詐欺師に唆されて吹っ切れて人生楽しみだして戦争サークルのリーダーになった、みたいな #diesirae_A,昔っから大好きなBoAさんがね、10代からお仕事してるときに「でも私は泣かないの」って言ってるときがあって。そういうインタビューを見たときに、なんで泣かないかっていうのが「マスカラが落ちるから泣かないの！」って言ってるのが、かっこいいー！と思って（笑）,"RT @mynamekamikaze: ほいｗｗｗ
例の　＃希望の党　・第1次公認メンバー　不祥事一覧表
の追加修正バージョンできたぜｗｗｗ
みんな、大いに　＃拡散　してくれたまえｗｗｗｗ https://t.co/ouADalnvU0",田丸篤志さん　ｘ　５はアレクシス・サンチェスレベルｗｗｗ　 #agqr #belovedmemories,私はあまり学者という意識がないのです.,"【事前ガチャで最大5キャラGET!!】
https://t.co/pHM2aZcbRw
白熱のキャラクターターンバトルRPG
「アイオライトリンク」事前登録受付中！
【10/07 02:12】
#アイオラ #DMM_GAMES",ぺぺろんちーのうめ～～～～～,長野県にやってきた,ストラトキャスターの65年製がオススメだよ(^^),わぼっくん（和睦はまじでうざい）,"そんでもって月曜、吾輩の部屋である
サービスショットもありがとうございますｸﾞﾊｯ(๑°Д°)･∵.
放送楽しみ、みんな面白いから見てね。
#吾輩の部屋である 
#ワガヘヤ https://t.co/hgkb5ZP51Z",なんかさ、この現場は当たる気がするとか、これは外れそうってなんかちょっと自分で予知出来ちゃうときない？わたしあるんだけどさ、7割くらい当たるのよ。今回の嵐さ、当たる気がしてたのよ。(落選したんだけど笑)でもなんかまだ行ける気がしてるのはただのポジティブ野郎なだけ？？,きっつwwwwwwwwwwげんきwwwwwwwwww,@disney_boy_s しゅんくんのジェラたちが見えるw,【無料】「ピーチガールNEXT」を読んでるよ！LINEマンガなら今すぐ無料で第1話が読める！#LINEマンガ https://t.co/oZjg84i2zC,"RT @POINTJP_TSUTOMU: POINTJPプレゼント企画

Bluetoothヘッドホン
応募方法：フォロー＆RT
締め切り：24時間以内
発送方法：ゆうパック

サイト登録一切なし。過去の当選者はいいね欄にまとめていますのでご参考に。これが最後の1つとなり… ","@seimei002 おはあり！
薬飲んだけど効かないつらさ✋",@OukaHoshizaki あの……ところで桜花ちゃん？さっきから気になってたんだけど、かのこさんと何かあったの？,ニコニコ動画は変わっても、MUGEN動画だけは何年たっても変わらなくていいな。安心する。,"@norichan1164 わー！憧れの動物園デビューうらやましいっ！！
ウシさんのわきからはみ出る眉毛と目尻から美人オーラ出てますね…！いいですね〜(*´꒳`*)","@1211Sumi ありがとう🙏
助かった🙇",おはようございます～￣O￣)ノ,入れ忘れたモノをご供養しないと。,初めて検便したけど難しいな,"RT @__miyatakekao51: おはようございます🌞

本日ペリスコ最終日〜！

30分後です😉✨

#periscope",可愛い…………,@__yu_zu_ki__ もう着いたよー！,私の名前はズラタン・イブラヒモビッチ,抱いて♡,神威がくぽが午前九時を御知らせする、皆何をしているだろうか。,「【MMD】syaro_game ノンケと見る中二病アイドル　オフ会誰も来ずへこむ」に大注目！みんな好きだね〜 https://t.co/LeeooM39Gk https://t.co/RYvA74BEXq #sm32058034,村上選手は母校の星ですね。素晴らしい！！ https://t.co/25cI9iCUsE,RT @mariyatomoko: すぐ忘れそうになるので、もう一度　勉強しました。 https://t.co/BMwANYB9U5,"【乃木恋】9/30 19:00〜10/9 22:59
「君がくれた不思議な時間～好きにならなきゃイタズラしちゃうぞ！～」
イベント開催！

ハロウィンパーティー準備中に何かが起こる？
親密Lvを上げて限定★7ゲット！… https://t.co/OyAkzs73g2",2位と下の子は許すか。三人くらい途中抜けして入ってきた人もいるし,"モンスト『 #4周年人気投票ガチャ 』

パンドラに投票したよ！

欲しかったあのモンスターが、キミの1票で排出対象になるかも！？
皆も投票しよう！

#モンスト知るかよ https://t.co/Sf3bHrc3Jj","月見れば ちぢに物こそ悲しけれわが身ひとつの秋にはあらねど
　　明月滿前窗，千愁不可量。秋來光萬里，岂照一人傷。","いい桜
本家は桜には見えない",RT @_amatsuki_: いってきます台湾(´◔︎౪◔︎)۶ﾖｯｼｬ! https://t.co/ZsdHYtIZFU,"RT @tattaro_mk32s: ただいま😊おはようございます🎵
あと１日～💦飲んで寝よ😂
おやすみなさい😪💤

今日は朝月みられた✨

良い休日を😌✨

月齢18.7

#イマソラ #空 #朝空 #優空 #茨城
#イマツキ #月 #moon
#nikon… ","モンスト『 #4周年人気投票ガチャ 』

パンドラに投票したよ！

欲しかったあのモンスターが、キミの1票で排出対象になるかも！？
皆も投票しよう！

#モンスト知るかよ https://t.co/91jLWsRHCm",面白すぎてめっちゃ見返してる https://t.co/WgsLjFNaWY,"RT @yamashokunn_ww: 日本にも薬が密輸されているというゾンビ化してしまう副作用のある麻薬
【フラッカ】

怖すぎでしょ…

1回370円ほどで入手が可能な麻薬としてアメリカなどで流行っているらしいです。
日本には来ないでほしいですね、本当に

映画のよ… ","@Seiya_8mm 干されは推されらしい🤔
僕は干されじゃなくて嫌われてるから昨日1時間配信で一回も読んでもらえなかった😣
ほんとひかるん大好きだね笑笑",@gAdRrB7m5VT4r6d 寝る！(笑),"RT @sn_soccer: 韓国代表で“ソン・フンミン外し“案が浮上　トッテナムとはまるで異なる姿に落胆
#daihyo
https://t.co/54ndkyopFV",RT @suma10558129: 広島は県知事選挙も立て続くからこの１ヶ月は毎日選挙ニュースが続くなあ。,伊達にKWNS中→工業とかいうガイジエリートコース進んでないからね,立派なジャズを演奏するには、実際の生活や経験を通じてはじめて身につく、人生に対する理解とか感情といったものが必要なんだ。by マイルス・デイヴィス,洗濯物も干してない、明日からの準備も途中、トイレ掃除もしてないやばい,クロウに精神もっていかれすぎてレイミの説明が頭にはいらない……………………,"男前wになってきましたw
短髪です（笑）","ファミマ限定で1度だけアイマス仕様のクリスマスケーキが発売されたことがある。
因みに予約して食べました。
 #新人Pは知らないであろう公式トンチキ商品シリーズ https://t.co/tHZVWYyUpP",RT @orng_kry: たんく組の中でジャンヌ甘やかしてほしい(グスジャン前提注意) https://t.co/o0RPMxvlef,@sleeping_46 しね,@NoR_imi どういうことwwwwwwww,"RT @koninohasi: 誰でもOKなのでフォローしてください。
必ずフォロー返します。
#相互希望  #BASE #相互フォロー歓迎 
#相互フォロー100パーセント 
#リツイートした人全員フォローする
#いいねした人全員フォローする
https://t.co/6cT…",RT @JPN_1st: 毎週水曜日 20時～２３時まで #日韓通貨スワップ反対 ツイデモ開催中です。 韓国では幼稚園からこんな歪んだ『反日教育』をして来てます！友好不可能！ #拡散希望RTおねがいします #日韓通貨スワップ反対  https://t.co/EFumsf7HiP,もんだいない,@__SNoW_blACk__ ﾜｧ───ヽ(*ﾟ∀ﾟ*)ﾉ───ｲ,ぼくのワンダフルライフ、どうやら少なくとも、ゴールデンレトリーバー、シェパード、コーギーが死ぬシーンは確定で入るようだ。,"RT @vithmic_daiki: 最近、時間が過ぎるの早すぎて
あっという間に一日、二日、一週間経ってて
もっと一日、一日大切にしなきゃなって焦る。 https://t.co/3Bc6kDJD1p",@hellotte_0412 電撃文庫コラボで引け,"RT @Hen_Hikoki: X-18 米国 
いや実験機だから、変な形してるけど実験機だからいいの 主翼の向きを変たり垂直離着陸したり あっこれV-22だこれ 勿論開発の参考にされたむしろされなかったどうかしてる https://t.co/lz1qxl8Xl9",今になるともちろん好きなのわかってるから自分で制作側を追いかけて観るけど昔無意識に好きだなぁって思ってたものが今に繋がってることを知るのがとても嬉しい,2つ折りの財布がほしい～,"RT @ufotable: ◆『活撃 刀剣乱舞』◆
全13話、御覧いただいた皆様、ありがとうございました！引き続き特典も鋭意制作中、順次公開して参ります。弊社関連店舗＆WEBSHOPにて、ご予約承り中です！
キャラクター・デザイン描き下ろしデカポストカード▼… ",幽白楽しい,"くぎゅうが演じるキャラすごい来ることしか予想つかないwww
#ag_5stars #agqr","【悲報】

１５歳で妊娠して１６歳で出産した女子高生。

現在の末路が悲惨すぎると話題に…

画像⇒https://t.co/Rng63R5QW6

これ可哀想だな…
https://t.co/n2vce8Eicd",教育指導 https://t.co/CPHi1iTodK,"@nanooo__orange 嬉しいお ❤︎ 

仲良くしての！","RT @miona_book: 堀未央奈1st写真集のインスタ、やっと始めましたー😆💕 可愛いオフショットを今日から少しずつアップしますので、皆さんも写真集発売まで心の準備をしてくださいね！ワクワク🌈

#堀未央奈 #みおな #ほーりー
#堀未央奈写真集… ","RT @rloveoO2: 反応よろしく^._.^
よんまいめは描きかけ、
#お友達になりませんか 
#RTで気になった方お迎え 
#ゆめかわいい好きと繋がりたい 
#美男美女と繋がりたい 
#少しでもいいなと思ったらRT 
#雰囲気嫌いじゃないよってひとRT https://…",あした、おじいちゃんにメール,"RT @yg_bigbang_vip_: BIGBANG 「Let's not fall in love」

僕達恋に落ちるのはやめよう
まだお互いをよく知らないから
本当は少し怖いんだ ごめん
約束するのはやめよう
明日の事なんて分からないから
でもこの言葉だけは本心な… ",ブッディ知らん間に三重飛ばされててウケる,"RT @sakuramodki: 「ここにプログラマはいるか」

ABC「いません」

「empty(""0"")」

A「false」
B「false」
C「true」

「ABを連れて行け！‥‥CはPHPに毒されすぎてる、病院に送ってやれ‥」

#プログラマー狩り 
#プログラ…",@nyanmaru6 うちも中年酒太りだからやばい笑 嫉妬も心配もあるけど、家庭の事も考えてほしい願望もある！自分の働いたお金だけどそんな生活だとお金がいくらあっても足りないし、今後のことも考えて行動してほしいんだよねー( ˘•ω•˘ ),"RT @nakano0316: けががなくてよかった。被害は補償されないよね。見舞金くらいは出るのか。

沖縄・高江で米軍ヘリ墜落か　警察「住民にけがはない」：朝日新聞デジタル https://t.co/YZd9eQO5rE",坂上忍の番組でやってる偽ストーカー事件はコレ自体も番組のヤラセじゃないのかと思う,"RT @ailiariton: 海外住みのめろんそーだ🍈とくま🐻が大好きな女の子！不定期で雑談凸待ちなどの配信もしてますっ！
よろしくお願いしますっ

#アニカテ
#拡散希望
#らぶりつください 
#少しでもいいなと思ったらRT… ",@numaga_pazudora え・・・,@The_Fauna もっかい,Undyne幼少期 https://t.co/KLNJHeR3q3,普通に突きたてのお餅にきな粉かかってる感じ……,流石に可哀想すぎるだろう(語録),"RT @kokeshichan510: 何故退職しても平気なのか？
それは稼げる【環境】がここにはあるから❤️ https://t.co/j1h428l24O",RT @Yukiriiiin__K: 鹿児島なう。タクシーの運転手さんが、黒糖の飴よかったらどうぞ〜ってくれた飴がめちゃ沖縄！！！！😂笑 https://t.co/lkuV4trHEn,2ページ目からずっと笑いっぱなしだったｗ &gt;RT,モンストってキャラどのくらい喋る？,"GACKT！テキーラ一の飲みっぷりがやばいと話題に！Gackt!How hot it is to drink a cup of tea! https://t.co/GULRZI1yZK @YouTubeより
GACKTやば笑",RT @komikestation: 同人誌の印刷承っております！大切な一冊を作るお手伝いをいたします。 Mail: sekine@komikestation.jp Tell: 03-3947-6391　キャンペーンやっております。気軽にご相談ください。#有限会社関根 http…,RT @tomoyanandayo: 旅の道中、アイドルに会う https://t.co/fAO8bmNFnC,"RT @2_jan_9: #確実なファンを3人作りなさいって話がありますが私の確実なファンだって人はRT 
最近↑流行ってるみたいなので
私だって便乗したいよｯｯｯ!!!","RT @Aigis1000: ◆メンテナンスのお知らせ◆

DMMの「千年戦争アイギス」公式コミュニティ内
「運営からのお知らせ」に詳細を掲載いたしました。

https://t.co/8iWvlBWuNz

#千年戦争アイギス",@SEKAISHI1210 学校の勉強はぶっちゃけ世界史以外俺には関係ない,"RT @Almondkoka_CP: ＼毎日当たる！その場でわかる！／

フォロー＆RTで応募できる
アーモンド効果7本プレゼント実施中♪
＃アーモンド効果7日間チャレンジ で
体にいいことはじめよう！

詳しくはコチラ https://t.co/9maz2Ifrtj",このスピードメーターオシャレです。 https://t.co/3NQAxxD5wa,RT @maitamu0627: 就職したくないって言ってる奴らが他の人にしっかりしなよーってゆってんの草,【夢見る明後日の方向】アンテナはいつでも立てておく。情報はいつ来るかわからない。,お腹が空いてきました(´ω｀),医療ミス多いな,@t_a_4027 @9Oc__lock 教室です,RT @matsuikei: あの政策協定書、海外メディアも入手してるでしょう？ こっ恥ずかしいよなあ。あんなものが、ニダイセートーを口にし、セーケンコータイを目指す政党の正式なものだとなれば、これは国辱に近い。先進国としてどうなんだ？という話ですからね。,"RT @KinbakuTw: ＜ゴールデンボンバー WEB＞
ゴールデンボンバー公式ツイッターアカウントができました。
ゴールデンボンバーの情報を配信していきます。

ぜひ、フォローをお願い致します。

#ゴールデンボンバー #金爆 #鬼龍院翔 #喜矢武豊… ",@miyako_0925 カラス除けはしぬwwwwwwwwwwwwwwめっちゃ乱反射する円盤 ロックじゃねえか………,私はどうしてママキャラに縁がないのか…(ガチャ爆死しました),@Pikapikapika16 んなwww,RT @b_ru_ru: 呼び鈴でマッサージの注文 https://t.co/f4EV0crkI7,"@rinatyi_mataaka まさにそれだよねヽ(；▽；)ノ
増えるのはトントンいくのに、減らすのが大変すぎて😭おやつ食べたいよぉぉ(飢えてる笑)",闇サイドだー！！&gt;RT,好きでいてくれたから 好きになれた    好きでいてくれるから 好きでいられる    思われることで 思いはじめる   思われることで 思い続けられる    本当に好きでいてくれる人に   きっと心はゆれるもの,"RT @susie_1871: #天使の日
#白玉みかん生誕祭2017
#白玉みかん生誕祭
#pripara
おめでとう！！ https://t.co/Bv3bEck4AO",聡文ね、聡史じゃないから、文だから,"RT @HeroHero_ske48: 珠理奈がきてびっくりするどんちゃん
じゅりな「え？江籠ちゃんじゃん」
【完全気まぐれ】SKE48 9周年前夜祭イベント 配信中!!
https://t.co/H6q2dKQ6gH https://t.co/OiLNQXK4QB",※本編中唯一のドンヒラっぽいシーンです,"@L1pton_Nexus 名前が女らしくないよね
ぺいんちゃんっていいずらいし","90年代？00年代？
君の名は？？？","希望の党から公認議員を出した自由党の森ゆうこ議員は、この先、加計問題をこれまでと同じように追及するでしょうか。したとしても忖度ありではないかと。

立憲民主と社民は、モリカケ疑惑の全貌を精査した質問は難しいですし、実質的な質問がで… https://t.co/r9l14PqqFa",今日は生田スタジオにてちょっとかわった制作発表を行いました。この先、きっとあるはずの城徳高校初勝利。初勝利を祝う水まきのシーンの公開収録行いました。 https://t.co/u0KTqjpkQv,"RT @tskgrzk: #深夜のドール撮影60分一本勝負 
10/6お題 「ななめをむく」 過去
シェリルさん https://t.co/sndLwHlPNs","RT @ari__orange_oO: ୨୧⑅*お友達探し*⑅୨୧

🍊 : 有岡大貴

🌷 : JC2

🔞 : 少し変態

🙅 :同担拒否なし岡

#わーーーージャニオタさんと繋がるお時間がまいりましたいっぱい繋がりましょ 
#とびっ子さんと繋がりたい… ",@technical_over 僕クソリプだいしゅき！∩(´՞ةڼ｀)∩ﾝﾋｨｨｨｨｨ,RT @momosuke1957: @usaminoriya @ikutayoshikatsu 唯一やった改革が、改悪まったく笑えない。,一夜にして拓也さんとマネージャーのラインをゲットした謎い(幸せ),"EXILE、三代目が意外と好きだったりします☺️ATSUSHI〜💕💕
ジャニーズだけじゃなくて、色んな曲、アーティストさんを知ることで幅が広がる😝
韓国もすきだし、よく言われるよ『幅広いね』って（笑）",この授業ってテスト有る？,@dainyan2775 LEDが流れるようにテレレレレ～って( ◠‿◠ ),できるだけこの会社で勤めたいけど最終的には大阪帰るからその時迄に宝くじ当てたい,RT @ng_suzuki3: 探検隊の衣装えっちだなぁというあやちさrkgk https://t.co/p5vx87xtCO,RT @ansta_goods: 新着！ 【グッズ】あんさんぶるスターズ！ おすわりぬいぐるみvol.9 「蓮巳敬人」「鬼龍紅郎」「神崎颯馬」 2017年12月発売予定 https://t.co/wAiMjsPbcM https://t.co/Nq3TWjprjm,おすしたべたい朝…… おはよう……,キッド「なあセザーロ……さっきナティに「12/25って何か分かる？」と聞かれたから「0.48」って返信したんだが無視されたんだ。何か間違えたんだろうか…分数も出来ない男と思われたんだろうか……」 セザーロ「お前が悪い」,@s_pga なんもわかんないけどなんなんだろうね,むらけんさん秋田行くってよ,"RT @kyoumo0206: MC：喧嘩したことなさそうですね。
チャンミン：喧嘩は絶対しません。
MC：何でですか？
チャンミン：僕が負けるんで(断言)。 https://t.co/wiaWYzW1Gu",RT @renakiyomoto: 今日は誕生日です☺️🎂💓コメントしてくださったファンの皆様ありがとう☺️💓素敵な方々と共に過ごした1年☺️💓たのしくなったり悔しくなることもあったけどそれも共にしてきたかけがえのないファンの皆さんのおかげで乗り越えたりしました☺️💖ほんとに感…,"RT @LdHlove715: 東京限定Tシャツ Mサイズ 
友人と両方で買っていたので
3枚お譲りできます。

本日7日東京ドームにて手渡しで
お譲りできる方に限ります。

ご希望の方はDMください。

ご希望者が沢山いた場合は条件の良い方にお譲りさせていただ… ",万里くんに「先っぽだけだから」って言われてそれ信じてたのに気付いたら全部入れられちゃってる紬見たいなって寝ぼけた頭で思いました,"RT @Mq1v_y: ハック垢抽選、今月のはGhost迷彩組んでます(カスタムマッチも公開も)あとはグラセフもしてあります。コスチュームもあります٩(Ü*)۶
参加方法はこのアカウントと@Mq1v_2 をフォローとリツイートでおkです👍普段からリツイー… ",@rika79468850 わああああ！ありがとうございます！！,RT @S_Erwin14: 毎日体温測って通院してホルモン注射して 入院もするかもしれない 人工授精や体外受精でも授かれない 苦しんでる女性がたくさんいるのに 妊活はそんな軽いことじゃない 最低だ そういう奴らは親になったって一生馬鹿なんだろう なんの感動も味わえないままこの…,"「セガ・ハード・ガールズ」と「ヘボット！」が
期間限定参戦！さらに「マジンカイザーSKL」が
新規参戦！イベント「新天地！　その名は…地獄」
　心のネジをシめていこうぜ！
https://t.co/lIrB4LcGBH  10月15日13:59まで！","RT @xlemimx: なっちゃんとゆうちゃんは本当に楽しそうで撮ってる側も終始笑ってました！クワガタになってるなっちゃんへのゆうちゃんのリアクションが本当にかわいい…愛おしい…！

model : yuji × natsumi
photo : memi https://t.…",どれだけの人に救われて どれだけの人に支えられて生きてるんだろう。人はみんな一人では生きていけない。 一人で生きようなんて思わなくていい。私の周りのみんなに伝えたい。本当にいつもありがとう。あなたたちがいるから今のわたしがいる。,@or__0428 やっぱそこはジャニーズがいいだろ、、、☜,@D1skist ガチかもしれませんw,馬頭琴コンサートは早々に飽きて、ワークショップもゲルの解体も参加せず、隣のパタゴニアへ。前から行きたかったカフェ ドゥ ラ プレスにも寄って帰宅。娘もゲルよりもカフェの内装の方が遥かにテンションが上がってたよ,タグしたい,"体育の日に昼起きから動画見ながら酒呑んでる　自称まこと使いが居るらしいですね

( ˘ω˘)ｽﾔｧ",RT @831nona: ステージのセットでこの火柱上がるやつが増えてるの今気付いた https://t.co/Pq3dpnCS0k,【かっこよすぎる】三代目 J Soul Brothers　まとめ｜邦楽・K-POP｜ローチケHMVニュース https://t.co/5mWZoSeww3 @lt_hmvさんから,キニ速 【悲報】最近のポケモンさんのデザインｗｗｗｗｗｗｗｗｗｗ https://t.co/o4dbRGhnyh,なんばなう,ウスイ兄貴にワンピ爆買いおじさん来たんです？？？,"RT @masayo3111: 今の時代！できる限り最善のポリシー・ミックスが望まれてやまないですが、

自分の写真にも所与の条件下同様の趣で、素敵さを求めたいＦＷです！
ほとんどがモデルさんの素敵で可愛い要素ミックスで成り立ってますがｗ

model：Azul… ",妹ぱらだいす！ 2 ～お兄ちゃん、もっとしようよっ！～ https://t.co/MNFyfXKEO9,何しに職場来たのかわかんねーくらいちょろい仕事なのにみんな辛い辛いって言うんだけど,山すら超えられない車で山を越えようとするな,うわ～〜～シャットダウンしてどうすんだごめんなさい！,"RT @kyonodoga: めっちゃムカつくwwwwwwwww

 https://t.co/MyrBVVTri6",@yuu610lol お、頑張れ！めがね！,【3DCG】コスモゼロ・コスモファルコン発艦シークエンス https://t.co/rmJVDDzP6k @YouTubeさんから,"今日みんな打ち行ってるじゃん😭
俺も打ち行きたい〜😭
エウレカ2打ちたい〜😭",学校に液タブ持って行った時、先生に こんな高いもの親御さんに買ってもらったのか〜 って言われて バイト代貯めて自分で買いました って言ったら驚かれたけど私だったら親に買ってもらったって言う方が驚くわ。,RT @skd7: 小池百合子＝フォーク准将になってしまうw https://t.co/Qn1TyuciPd,RT @hukugumaden: 仕様例：森で出会った不思議な生物の存在を姉に否定された事を否定する幼女のイラスト https://t.co/9nJyt69Lhj,おい、気づいてるんだよ?,"RT @sbpwjux: 本気で痩せるために
コレを選んで大正解‼

みるみる痩せて超焦ったw

これからはオシャレに
もっと磨きをかけたいな💕

https://t.co/SbTk8aR0xV","RT @DDDenPa: イベントに遊びに来れなかった方に是非！
甘くてまったり吸いやすいブランデー味ですよ♪
お酒が苦手な方もほろ苦く甘いキャラメルの用に吸えて吸いやすいです！ https://t.co/lCmcm8bbAr","RT @_ash235_: TBS Nスタ
猿之助さん衣装の巻き込みで左腕骨折の重傷
今日はもともと夜の部の公演はなし https://t.co/Tl17gvYH7D","『居酒屋 美津喜』 本日もPM１７時から、営業中。https://t.co/8hamkhEk1W （※水曜日定休）,,,　#定食 #ランチ #久喜市 #居酒屋",リポドリン生活今日からすたーと🙃,コピー用紙が七色に見えるの,"RT @y2kpmax2618: 途中からになっちゃったけど
Mステの予告やってた😭
しっかり名前出てたよ〜〜！
震える😭
#東方神起 https://t.co/5GbmIYmEyW","RT @chisaki_country: 里山里海 in 小田原  ちぃちゃん(^_^)
めっちゃかわいい😊 https://t.co/3kfhWf7U3A","女性1名様2組ご来店です♪
30代前半のスラっとした方です！
男性女性共にお席は空きございますので、
お気軽にどうぞ！","「何故かモテる男」の条件 
・すぐに好きと言わない
・チャレンジ精神がある
・女性を認めている",岡崎体育＠Zeppの開演待ちしてるけど、客層統一感なさすぎて面白い,RT @NOSUKE0607: 自民党改憲草案にある「緊急事態条項」においては、緊急事態時には内閣の判断で衆院選を無期限停止できることになる。例えば北朝鮮のミサイルが飛んでくる、などの理由で安倍独裁を永久に存続する理屈も可能になるのだ。国民は自民改憲のそんな現実… ,若返りのために350万年前のバクテリアを注射するドイツ人女性  https://t.co/jP0rCOoSZV,"RT @oricon: GENERATIONS、公開生着替えにファン悲鳴 “組体操”も披露　紅白初出場に意欲燃やす

 #GENERATIONS @generationsfext #EXILETRIBE #LDH #芸能 #ニュース https://t.co/g4EUwqxk1p",5月くらいに描いた曜ちゃん。ついったさん始める前の自分のイラストと比べて最近はすっごい雑になった。ス… https://t.co/MceAS7qG9h,"RT @SUSHImedia2017: 「最低でも県外」で沖縄に多大な損害をもたらした鳩山由紀夫は沖縄の基地外活動家に媚びるし、
震災時に現場に乗り込んで原発事故の遠因になった菅直人は反原発活動家に媚びるし、
マニフェスト放棄して消費増税決めた野田佳彦は増税一直線だし。

民主…","［定期］
カウボーイビバップ／今日からマ王!／デュラララ‼︎／電脳コイル／東京喰種／とらドラ！／夏目友人帳／鬼灯の冷徹／GANGSTA.／ワンパンマン／おそ松さん／櫻子さんの足元には死体が埋まっている／僕だけがいない街／亜人
#好きなアニメあったらRT
#気になった人フォローする",電撃文庫祭り閉会直前にインデックスと美琴の人が集合してたからちょっとだけ撮った写真    スマホだから画質とか明度も物足りないし本当はこれよりもっと沢山良い表情とかしてらしたんたけど(そしてまたゲコ太(違う)で客を隠す) https://t.co/wAsyYC00YN,"田舎に行くと、こんな激狭な道を大型の路線バスが平然と走ってたりするから面白い
＞RT","『では〜』を使いすぎておかしな文になってしまいました(＞＜)
すいませんΣ（・□・；） https://t.co/LPosTyQ0yA","寮の飯はどうやったらそんなにまずくなるの？ってくらい不味い

ラーメン、カレーライス、白米、揚げ物こんなのどうやったら不味く作れるんだよ",ヤッターーーーー☺️ https://t.co/COlkodrKZK,"RT @Nkpmmiya0624: 拡散希望

ニックン1stファンミーティング

譲)12月13日(水) 2連番

大阪公演になります。

ご希望の方がいましたら、リプをお願いします。",1日24時間って少なくないか,このタイミングで流れてくるのはなんなのだろう…純粋に羨ましいなぁと……,"RT @649r120: #WANIMA
#鹿児島
#ワンチャンナイト
#キャパルボ
#CAPARVO
#わにま
#ワニマ 
みんな検索してね！
#拡散希望RTお願いします https://t.co/CnFBMa165U","良かった💓💓💓
すきだよー！
幸せな気分のまま眠れる！

 #奥様は取り扱い注意",@mnst_couple そうだったのですね！ありがとうございます！,@28k_pulse あっ、俺の天使発見！(￣▽￣),3文字ID5000円、4文字ID500円で売ります。支払い方法はVプリカです。興味ある方はリプください。311,昨日のうちにかめポンで三好開花しちゃったからイベントゆっくりいこ～,ひらーいたー,日本橋の火事のニュース、消防団？がODの服着ててカッコ良かった,"RT @tomiyoshi_920: そういえば今日ついに宮崎に
自動改札ができたということで
見るのを楽しみにしていたら
まぁまぁ想像と違った☺️☺️
そして電車の数は相変わらず☺️

でもなんだかんだこの、切符に
スタンプ押してくれる形式が落ち着く〜〜 https://t.…",@iori_tea_ よっしゃあ遊ぼ,@1204yuuchan そうやんね〜😆,【今売れました！】ダイニングセット 5点セット【DARNEY】Gタイプ(テーブル幅160cm+1人掛けソファ×4) モケットグリーン×バイキャストブラック ソファ&amp;amp;ダイニングセ� https://t.co/C9tah8IvNy f,腰痛いし明日仕事行くのヤダナァ〜〜！行くから言うだけ言わせて〜〜,@shunpe_1004 こにおめ,とよぴっぴお疲れ様でしたー https://t.co/RwXB1wn7PX,@SRyo79 かましたれ！！！,RT @stardust_sec1: みろです☆10/3に11才になりました！今年は菅田将暉さんの髪型にセットして、p!zzaを自分で作って食べました🍕ワンワン（11）も宜しくお願いします！ #星島みろ https://t.co/di08UARlhX,"@nonchiru28 ありがとう😄
素敵になったら報告するよー👍","RT @sankounin: 公式インスタ更新しました！

https://t.co/DP2hw3dc6C

玉森さん裏話🎶
ほな！

#重要参考人探偵 #テレビ朝日
#玉森裕太","RT @Gy4udM: @no_jcp @7c4V91CD0Gj1KEp 朝鮮人に参政権を許すわけない、帰化朝鮮人議員が存在する事が間違っていると真面目な日本人は思っている。
半島に帰れば選挙に行けるから帰りなさいな、日本人は皆願っている朝鮮人が居なくなる事を。",ゆうちゃんペンガ辞めましゆ😖😖,@shinnosukeykt わあーっ！良き写真、ありがと！,"@ntk_j たしかにどてっとしてますねwww
うちのはでぶ猫なので寝てる時すら迫力があります！！！
でもやっぱりかわいい...猫is最高🙌",あみな『2次元旦那達..』 https://t.co/vJ2IBqrnxv https://t.co/DJTKrfLJcP @mine_g_jpさんから,"RT @otto_foooo: 五奇人の中身が入れ替わりました
※色々カオス https://t.co/uL1lxOX9AB",@reinaghkoi 待ってます,RT @atamotonu: 「タヌキとキツネ」3巻が2017年11月15日に発売予定です。今回少しだけページが増えました（描き下ろし数は2巻と同じくらいです）　後日、購入特典などの詳細も出るかと思います。お見かけの際はどうぞよろしくお願いします。… ,きのこのこのこ元気の子えりんぎまいたけぶなしめじ(会うの楽しみだよ) #名前伏せていいねした人のことどう思ってるか言う,好き,"トム「魔法は科学に似てるよ。実際魔法式も科学と通ずるものがあるし。あ、でもやっぱ使うには健全な精神と肉体がいるし運動も大z寝ーるーなー💢」
シエラ「？！ 起きてる起きてる！！」",寒くなってきたけどおかげであんごジャケットで出撃出来そうでにんまりしてる。,"あれ、配布されてたんだ
見当たらないけどどうしても欲しいものでもないしいいか https://t.co/hYUtEX9jRg","RT @narratagemovie: 💫いよいよ映画公開前夜！みんなで
【#ナラタージュ】しませんか💞？

✨今週の質問✨
「一生に一度の恋」の相手に出会ったことはありますか？

エピソードをリプライで教えてくださった方の中から3名様に、アンブレラマーキングシールをプレゼント…",長崎県美術館　特別展　さだまさしの世界　招待券　1枚 https://t.co/Gi0LPmX5OF,@usb_sub とりあえず頭の中空っぽにできそう,ランボーはなぜ放浪をやめたのか？ https://t.co/gciyGvQi6U #Webでも考える人 @KangaeruSさんから,RT @029Pomiteru: 集合写真に写ったのは多分美羽ちゃんが撮ってくれたトレーラーの前の集合写真かな,@m_i_k_a_n_05 @eWHhVhs5LoiVuco いや、きみはわんちゃん全然ある,RT @109newsjp: 【このツイートをRT&amp; @109newsjp をフォローするだけ】#松本潤 #有村架純 #坂口健太郎 出演の映画「 #ナラタージュ 」公開記念オリジナル・ジュエリーボックスを抽選で3名様にプレゼント！ https://t.co/ha3U7pIg8o…,RT @YahooNewsTopics: 【速報】福島県で震度5弱。津波の心配はありません。⇒ https://t.co/QUWUaB3jx2 (画像：Yahoo!天気・災害) https://t.co/RDK2A4SsEa,@yanai_makotoBOT いや、いいんだ。こっちこそ…その、すまなかった。,意識しても悠木碧感なかった,"RT @haruyoimc: 【SPARK12】 銀高新刊：おしながき #pixiv  https://t.co/EMsPPbHjEZ
真夜中に告知です～！明日またお知らせにあがります！
今回スパークこんな感じです！白晋間に合いそう！よろしくお願いします～！そ… ","風呂で汚れを落とし画面の前で正装（全裸）して臨むのが礼儀というものであろう
#diesirae_A","@marina_dsykr227 だいぶハードです！！！！！！！！！！！！
ダイハードDeath！！！！！！！！！","赤ずきんちゃんみたいなフード姿のジヨンさんのお写真、全然見かけないけどヨーロッパのどの公演での衣装なんだろ
ピーマイのもふもふよな",@exoxb_tvxq そーする笑,"@muo_60 ツクヨミ、ルミエル、ドゥルガー、ネフティス、嫁ペルセポネかなー(*´∇｀*)
覚醒進化とかさせたらいけそうな気もします(*´∇｀*)",メンタル崩壊するまでシャドバ https://t.co/XMEI89l2Mb,"RT @democracymonst: ギリギリになりすみません。黒川あつひこ、衆議院選、山口4区から無所属で立候補することにしました。

山口4区、安倍総理のお膝元、下関市、長門市です。
訴えたいことは２つです。

詳しくは→https://t.co/vjKtKcPXan","@_fignacaz 逆にジョジョからイカサマを取れば…いや、忘れてくれ
診断したらまあひどかったぞ…(小声","@ss_mirei んー
じゃあ明日焼いて日曜かなあ",@Shyning_0819 @kiokio_coc ｼｬｨｨｨｨｨｨｨｨｨｨｨｨｨｨﾝｯ!!,"RT @grimms_notes: 10/9(月)より、鏡のメダル交換所のラインナップに新たなチャットスタンプを追加いたします！とても可愛くて便利なものばかりなので、是非ご利用ください！#グリムノーツ
https://t.co/UggApLDLAD https://t.co/c…","RT @momotaro3_20: #RTした人を各クラスに当てはめる

直感 E、人間観察 Eでよければ← https://t.co/6oXOdheL4F",RT @Daidai0530: 出番終わったよー✨(*´･ч･｀*),RT @Eiladaisukiman: 25万3240円目で当たりました、ありがとうございます！ https://t.co/O6IPVzCE1S,おなかの穴からは何も出てこないよ〜！,@min611 ネギさんには尊敬の念しかないです(^_^;)   奇跡のような存在。,RT @maxut5: スターライト速報 -遊戯王OCG情報まとめ- : 【遊戯王OCG】ついにレインボードラゴンに救済が・・・！？ https://t.co/xp6bEf1fFI #遊戯王 https://t.co/30gfYl867e,モブしゃ、半回復なんだけどwww,"RT @isshii_Nisell: ルパン三世のOPを片目で見ると3Dになるのが凄すぎるwww

#アメトーク https://t.co/qXXBpjDzdV","『ネットでお金を稼ぐ為の準備をする　★　必ず必要になる2つのアイテム』
https://t.co/1nJtcmZO9u","@boukenmin ええのぉ
楽しんできてー",うぜええええええええええええええええええ,連続で当たった…,"I'm at 道の駅美ヶ原高原美術館 in 上田市, 長野県 https://t.co/bGjYITO2h2",@daytb_twy 何階ですか,"RT @EFpEEUmZAZATEjG: #これだけで何のアニメか分かってしまう残念で最高な同志はRT
わかる人いるかな？ https://t.co/AFa968fH2s",@Keita108nogi46 なんでやねん！ﾅﾅｾｼｶｼｶやわ笑笑笑笑,"ケータイ変えたい。
充電の減りがハンパない。
ややなー。。","@ankler_sub お仕事がんばって☺️🙏💜
今日もうたかっこよかった〜
すきぴ","RT @saltkoi: #推しのドストライク画像で50RT行くと信じていいですか
これなら楽勝だね
RTしてくれた人、気になったら迎えいくかもしれないです☺️SLHcrewで繋がりたい
来なかったら、ブスのめっちゃキメ顔偽り自撮り載っける！！！ https://t.co/RU…",デパ地下のお高いコロッケがよりどり5個540円だった！アレルギー避けたら、めんたいポテト&amp;枝豆の2種だけって教えてもらってチョイスしたけど、とても美味しい…あと家族分で買った３つとパック分けてくれてありがとうおにいさん(*´艸｀*),ひとごーだずだずです。え、ダズル砲ちゃんですか？　はい、色々おっしゃる方もいますが、私達は量産しています。立派なアイドルだと思います,一気は2度としません,三日月さん嬉しいけど三日月さんじゃないんだよな…………,RT @terurin19711996: あいのさんに投票！ #女子高生ミスコン #中部エリア https://t.co/k3FXlgxhG5,さくら寝てるの？,@moge36 わーーーーー！オールマイトーーー、！！！,@mugennaka 警察ホイホイですね！！ww,RT @fkgwfkgw: 三度の離婚経験がある人が「行きたくない結婚式には『私が出ると縁起が悪いから』と言って出ないでおくことができるのがいいところ」と言っててポジティブだった,RT @iminnhantai: 【狂気】国家公安委員長が朝銀（北朝鮮）に対する公的資金投入を正当化 https://t.co/lbryweA9s7 #sm31957507 #ニコニコ動画,"@love_k_pop____ あ、うれしい！
カイペンさん😍
多分ダメだよね。。？
お互いタメで話しませんか！🙌",さっき決めたんだーどうしてもどうしてもどうしても笑顔じゃいられない時以外は、笑っていようって。,"@ParanoidLove37 それ、みたことある。
着ぐるみがすげーのね。","RT @r1kuuw: おそくほー
夜な夜なBハロTHRIVE併せしてきました🎃どんちゃん、ときちゃありがとう💕 https://t.co/SlN9yX3uWs","おやつの時間だ！何食べる！食べたら本垢フォローしなさい！
@ youhimagin
↑本垢なのでフォローお願い。っていう定期",@ayc_blv じゃ簡単で良いやん！,"@tomo1001_ocean @R_Shitei0318 藤田さんきゅー！！
混じったら捕まる(笑)","RT @TVTOKYO_PR: 今夜8時！「ヨーロッパ1300km 爆走!ガチンコラーメン屋台」
KAT-TUN上田竜也がラーメン販売車を自ら運転し、新進気鋭のラーメン店主とともに、ヨーロッパ各地の食材で作ったラーメンを売りながら旅をする超ガチンコ企画！！
https://t.…",@R_tabot いや、なんでもない(｡-_-｡Э),前部屋にいたやつ転居届とか郵便物変更してないの意味わからん,RT @Sakurauchist: ま、ただ一つ言えるのは、ここで批判的に描かれてる人が志位和夫とか蓮舫とかだったら、今騒いでる人達は何も言わなかったでしょうね,RT @himekyun: 今日は私たちがお父さんのように慕わせて頂いてるアニキ、怒髪天のツアーファイナルですね！新木場コースト！見にいきたかった〜〜｡ﾟ(ﾟ´ω`ﾟ)ﾟ｡ ひめキュンのファイナルはみんなで見に来て下さったのに..誰かどこでもドアください！行… ,@eq_map 珍しく浅いなぁ・・・,10/12 05:00 のGoogle検索ワード 6:佐々木希 7:米津玄師 8:矢口真里 9:スターウォーズ 10:亀石倫子 このツイートは 楽ボッツ [ https://t.co/96yNQlaDze ] からです。#rakubots #rakubo2,カルーア抹茶梅酒白岳しろイエーガースミノフスカイヘネシータランチュラジャックダニエルに今日買ったコカレロ！,"［自動］
 燃える闘志を

 バットに込めて

打てよ城島

 炎のアーチ

 かっとばせー、城島！
#城島健司 #2

 #阪神 #タイガース #阪神タイガース #うん虎打線",おい！貧乏ちゃう！,@7766x ...うゅ？,"第2ラウンド
獲得チャレンジpt : 100,379,821

一応時間の限りは頑張りましたので後はよろしくお願いしますm(_ _)mとりあえずパワー持ち手放した。","RT @karateka_: 本日のポケットモンスターサン＆ムーンより
ルザミーネ代表アローラの姿
ルザミーネさんのウルトラホール❤ https://t.co/V4jmlLJVc5","@panda_gy_815 基本的に気にしてないよwww

「うぇーい、うるさいって言われた、うぇーい」

ぐらいだから","@KC_clip 大丈夫だけど。

今日の話おもしろかったのに。A4一枚で研究の概要を持って来なきゃだめだよ",踏切死亡事件、「反省見えず」加害者少年と母親提訴へ https://t.co/UJME1VQxt5 https://t.co/xIBfyvedvA,@OREWA_KOMURO やめてよｗｗｗｗｗｗｗｗｗ,@4_Yuuki_ 卍,"RT @masa_dragon920: ハイパータイムめちゃめちゃ久しぶりだね。
最近食べることに夢中になりすぎて動画撮り忘れる...
気付いた時にはなくなってる...
大切なものって失ってから気付くものだね。
後悔する前にもう一度、可能性信じてみない？？… ",@yuuri_1127 ちなみに私は神奈川にいるけどどお？遠い？,"RT @Cai_24h: 【募集】

11/25に六甲リバモにて３-A併せをするにあたりメンバーを探してます✨他3人は確定済み。FF外からでも大歓迎です☺️🙏✨宜しくお願いします！

✨英智決まりました✨

【拡散希望】 https://t.co/R6sRl8Y1FD",この譜面、できる気がしないなあ,"RT @ultranori2m: 十五夜お月さんのISS月面通過！奇跡的に撮れました。人生初経験。
バシャバシャ連射したのに一枚しか写ってませんでした。
難しいもんですねー！ https://t.co/ftOieTWclR",「また他の女と寝て！最低！」「いや浮気は8人までの約束は守ってるし！」という会話をスタバで隣に座ったカップルがしてて、何言ってんだこの男と思ってたら「…大好き！＞＜*」と女の子が喜んじゃって「いいんだ！？」というアイコンタクトを向かいに座ってた見知らぬおばさんと送りあった昼下がり,貴様は何を言ってるんだ？,"RT @uni_mafumafu: 誕生日プレゼントで喜ばれるものランキング

男の子「Nintendo Switch」
女の子「可愛いアクセサリー」
まふまふ「ふぁぼ」",@cimacine もう何歳になったんですか？,@miku_130811_ じゃあみくってよんでいい？？💓,スクショまにあった……そして今度はHDD容量不足問題……,RT @GEM_nana_ist: ほたちゃん！ありがとうね(*'.'*)奈々も大好きやーっ❤︎こちらこそしっかり者のほたちゃんに感謝でいっぱい！ https://t.co/9FrXTE4PYr,"あなただけの専用SHOWROOMギフトアイテムをつくろう！イベント中！！1位にありがとう❤︎アバタ投票は10／9夜予定(*&gt;ω&lt;
https://t.co/ooqbhTGzIq",@bmlovecute そんなことないんやけどさ,RT @takeuchi_ryoma: モニタリング…そろそろかな😙,そしてOPが林原めぐみという、非の打ち所がない布陣。 #rccrp,ﾁﾖﾁｬﾝとのやつだ #いちごまみれ,"グールのアニメ新作…‼
見ないと！！",【れんと】さわやかな香りと口当たり、キレがありすっきりした後味が魅力 #鹿児島 #ドリンク https://t.co/AGM65vbTWQ,進めようと思ったけどex5やべえ,"@ToT__sumi 言ったけど全く音きこえない、
ハートしか送れなかった、つらみはらみ、、",いやくっそはずいやん,@amtk1203 私もタメでいくね！らなとからなちゃんとか好きなようにどうぞ！私はなんて呼んだらいいかな？,学生オムニアム1日目とツールド埼玉がブッキング😫😫😫😫😫😫うそでしょ〜〜,RT チーズケーキ美味しそう！札幌にあるフルーツケーキファクトリーのチーズケーキも安くてめっちゃ美味しい＼(^o^)／,"@kaedesyrup_ 楓さん
ありがとうございます😊
これからもよろしくお願いします！！！",熊本をポチッと,"買ってみたらわかりますが、相当質の高い革を使った製品になっております！！
是非お早めにご購入下さい^ ^
https://t.co/5qT8xLwU8B",【画像】豊田真由子議員、「このハゲーー」で子供達から支持を得ることに成功していた https://t.co/hZb6uj9Oxn https://t.co/YfmOXQpngd,"RT @KinbakuTw: ＜鬼龍院翔 WEB＞(再告知)
間もなく配信開始です！

10/6(金)21:00～
ゴールデンボンバー公式LINE LIVE生配信いたします

放送タイトル：鬼龍院翔のプッツンてれび

※生配信後はアーカイブにて視聴が可能です。
 https:/…","参加者募集！参戦ID：4E91E654
Lv75 シュヴァリエ・マグナ
https://t.co/AqifRtJuwu",もういっか.全部,RT @suica_tei: カーブと勾配に強いモノレールの線路を望遠で望むと何だこの非現実的な光景は…… https://t.co/LjS7ns0T28,@Hey_icchiman いや！本当に一階は食べてた笑,"冬は、ツーリングと握手会合体企画。
なら一度で2回楽しめる",スターズ見てふおおおお///ってなってたらこんな時間‥‥ https://t.co/T3wmoi5tqX,電車でメトロノームタクヤさんみたいな傾き方をした,みつかあさん？！,@Jus1Nx 答えやるよw,眠い(´-ω-`),@Ryo_509_xx れンたん らぶい  ( ),"RTありがとうございます……！
とりあえずダメ元で(´･∀･`)残りのヴァンガは40枚セットとかどんどん種類減った感じになるかと…１枚30円換算位だと思うのでこんなもんかなぁ…",@hikky0275 ほんとに寝ちゃうの？https://t.co/SbSxDNO21Z,"ナイターはNight game
サヨナラ勝ちはWalk-off Victory

これテストに出ます https://t.co/Wq5v7G5WPq",@nmxxx12131 @mnyworld 生け簀ならうちにあんぞ,PAWに至っては好き過ぎて製作がここだからってだけでBlu-ray購入決める輩が僕←,もうやってられっかよ💢💢💢💢💢💢💢💢💢💢💢💢💢💢💢💢💢💢💢💢💢💢💢💢💢💢💢💢💢 https://t.co/12LnPiu3wR,"#あなたの党の公約
・憲法9条に自衛隊(権)を明記
・憲法25条から「健康で文化的な」を削除、即した規模で65歳以上にBI、生活保護も同額の支給のみ
・基礎年金、後期高齢者医療制度、消費税、死刑制度廃止
・安楽死、尊厳死、懲罰的懲役導入
・移民政策、外国人参政権反対",はしもっちゃん😭😭😭,スマホRPGは今これをやってるよ。今はこのイベントが開催中！　→　https://t.co/E7V5RGDJTs https://t.co/t3XcNKRvQy,RT @suyamahakusyak: アタシはプロレスとはプロレスラーが観客をコントロールするものだと思っているので、プロレスラーをコントロールしようとする野次を聞くと嫌な気分になるし、それに応じるレスラーを見るともっと嫌な気分になるであります。,平田さん歌上手い……さすが…………ええええめっちゃテンポいい……ノリやすいね……ARPっぽい…………,RT @yu_suba_8: 関パニおもしろいのでまたやって下さい。 https://t.co/LAJ5uVuy8x,"気づいたらゆーじがまるはしクランに入っててワロタ
ついにこの時がきたか…",@Y_zw_ なんだろう愛しみが強い,"雨の日って退屈になるね☔

お家でゆっくりしながら投資です✨

今日は10戦9勝で勝率90%👏🏻

わざわざ外に出なくても稼げるって最高だね😊 https://t.co/SOt0M6mwty",昨日観覧車と月を撮影する人々を尻目にスタスタ帰って、対面席でイチャつくカップルの前で二木くんを書いた勢いで貼りつけてますが、この話自体を書くか悩み中。降伏後を書くとしたら甘々だけど、なんか可哀想になってきたよ。,"グンマーの美味しいと評判のスワンのカレー。
昨日一昨日は売り切れで買えませんでした。

グンマー、うまいモン多い。 https://t.co/TLJ8JV1F7b",東大連勝 打線支える分析班  - Y!ニュース https://t.co/ZOOAM13Du7,"RT @FUJIKEN1025: JUNG YONGHWA summer calling
全公演終了しました！
とりあえず長いのでインスタでまとめました笑

#jungyonghwa #summercalling #cnblue#tour#dancer#ヨンファ… ",まだまだすごい景色を風男塾さんと一緒に見たい！！！10周年始まったぞーー！！！！！！,"@AKB7VS3 はじめまして❤︎
そう言っていただけるなんて嬉しいです🙈💕",RT @amatukaze2014: 低空ではテンペストの方が上とかそういう事でもなく？,"訂正…
走行ではなく装甲でした…",捧〜げよ〜捧〜げよ〜,RT @_mai_yori_: 愛しい後輩のために情緒不安定になる二枚看板です(晃零/薫アド) https://t.co/Xvmm80IGxf,@emi_nyan11 今DMしましたー(*´▽｀*)！,"✎*

バカップルかって (笑)(笑)

まぁ こゆのも 悪くない 🙋💗

✎* https://t.co/vcMPdQs1W1",RT @MycitySearch: 【PR】チケットぴあ 2017/8/5(土)10時～発売／新堂敦士 2017/11/12(日)恵比寿ｃｌｕｂ　ａｉｍ(東京都) https://t.co/i4leNOVB9X,危機感半端ないよ,@abrk_snro おん,"・ONちゃん体操
・奥さんお絵かきですよ
・ロウソク出せ
・こわいという言葉の意味
・校庭スケートリンク
 RT @restainless: @ichijo_sayaka 道民にしか伝わらないネタを箇条書きで5つどうぞ",@ttkk_11 いい夢みてね～,@Le_poca_y うわぁ…,パンにバンズに…？？？,"@well1291 髭剃りは替え刃が本命……（
将来的に見るとねーー、安上がりになるよねーーーー","@KOHARUOUZI 私かな？www
性格くそ悪いのに好きって言われるの嬉しき(๑´ω`๑)

むっくん推しのこはちんにむっくんだって認めてもらったみたいで嬉し！←

忍はちとまって！wお金がぁぁぁあw",俺の嫁かすみんかすみん,完全に病気だったな(๑òωó๑),RT @YahooNewsTopics: 【新種ハチ ハリポタから命名】ニュージーランドで発見された新種のハチが、ハリー・ポッターに登場する悪役のマルフォイにちなんで、「Lusius malfoyi」と命名された。 https://t.co/CHg5EOm28n,@agosen98 家で彼女が待ってるから？,ジェラール「ああ、言っておくけどオレとエルザは一緒に住んでるからな。2人で飯作ってるし家事だって手伝ってる。良い旦那になりそうだなってエルザに言われた時は心臓が飛び出そうなぐらいドキドキした。」,"あまなつのお題箱 https://t.co/6nxW4RhyRe 
ふぉろわさん増えたので宣伝…！ 何でも入れてやって下さい〜
#odaibako","@Lotte5366 
俺も栗山監督は有能だと思います","@mattan_cojirase 美脚〜✨
シビレる〜✨",嬉しさのあまり先生あのねみたいなツイートをしてしまった。,RT @yuruhuwa_kdenpa: 2人殺して7年以下は軽くない https://t.co/SPO1vnmclM,@nQShledAODl9K8L バイト？,計画的に蒙古タンメンを食べる生活をする。とりあえず金曜日に食べる,"のぶちかが嫁にこないのも　#藤間幸三郎のせい
07Hug","お月さま🌕つかお。

お月さまが
お腹の中で餅つき大会...🐰いいね。

綺麗だったり可愛かったり
ロマンチックだったり
ちょっとクスッとする時もあるけど
言葉遣いが丁寧な男性惚れますよね。",どんどん壁汚れてくだけじゃない？ 心と同じだね。 #奥様は取り扱い注意,@alice_in_ruins そういえば我が国にもそんなチート勢いましたね……,スカパー加入せねば…,通販戦争大敗北してるからマリギルはマイナーではなかったのか…？しんどい,"RT @M__ck: ホック様メイク一回も練習できてない笑
帰ったらやるぞ！！","RT @kofunyaso: なーにがヘーホンホヘホハイ(ベーコンポテトパイ)って言うの恥ずかしいだよ。
いつも彼氏くんのオヒンヒンホイヒイって言ってるくせにカマトトぶりやがってよ。","♡あまーみーROOM♡日本タレント名鑑掲載中、FMラジオメインDJ,DMM.yell、ファッションショーやイベント出演、ダイヤモンドブログにもいます!!どうか応援よろしくお願いします
https://t.co/6dG1YGQRPb",RT @kadomatsukoma: あとでツイキャスする😊,@uho000 うまい！！wwwwwwwwwwww,"RT @Ririno_Hades: 自分の家をもって改めて気づいたこと
①だれもチョコボ厩舎の掃除はしてくれない
②だれも畑の水遣りはやってくれない
③家に帰っても誰もいない...
リアルと一緒じゃん！",【マイリスト】前回のあらすじ神社.DragonBallZ https://t.co/r2heVZjMUt #sm29900026,RT @AiKaBu48: 本日、大阪城ホールにて開催された『NMB48 ARENA TOUR 2017』AiKaBuブースにお越し頂いたトレーダーの皆様ありがとうございました！明日のイベントにもAiKaBuブースが登場します。お時間ある方は是非お立ち寄りく… ,RT @MICKYiswild: @panda3091 自分をサポートして頂いてる方から　先ほど貰いました💥　日本の犯罪者の　現状です💀 https://t.co/lgsR3THry3,"@reiya41971 @oPaVnjyW4NKwkji Opti「ご主人様の綺麗な脚を舐められて幸せです」
ユーリンチー♪「おい！もっと念入りに舐めろや！」","RT @Komii423kentyan: 1rtで待ち受け晒す
2rtで身長
3rtで体重
4rtで好きな色
5rtで手を晒す
6rtで今の格好
7rtで自慢一つ
8rtでお気に入りの1枚
9rtで会いたいﾌｫﾛﾜｰ様を言う 
100rtで『本人』画像
RTじゃなくていいねにし…",『モンスト』激・獣神祭の新限定“ミロク”のステ公開。進化は新SS、神化は新友情持ち  https://t.co/CPxn9NLJvD,ちょっと調子に乗りすぎてお財布ピンチ過ぎる。爆笑。,RT @pokerubi443775: #私のイラストを密かに楽しみにしてくれてる人ファボ大っぴらに楽しみにしてる人リツイートそしてよければ感想ください 来ない予感,"#ソナポケ LIVE JOSTARジョウスター主催 ライブ #ソナーポケット　デビュー１週間前の東京LIVE 秘蔵映像公開 超スペシャル映像 
https://t.co/avVL0MYkow
 #EDM","きんちゃんぐらいのメイクが撮りやすいです。はい

【毎日メイク】プチプラで完成するメイク方法、化粧品を紹介！ / Everyday Makeup https://t.co/5ozMyJUEch @YouTubeさんから","@shouta0811aoi はーい！
会場みんなでたくさん盛り上がっていきたいです(*´﹀`*)",ノリのいいフォロワーさん大好き(大胆な告白),RT @McDonaldsJapan: いよいよ明日10/11(水)から🎉🎉🎉「グラン🍔」✖️『グランブルーファンタジー💎』のコラボキャンペーンが始まるよ✨ #グラン を食べて、『グラパスポイント』をGET🌟しよう■■詳細はこちら👉… ,"用語辞典
おもちゃ/ホビー
似ているようで違う。
Amazonなどの商品としては、STマーク(安全な14歳未満対象につく)の有無
言葉としてはホビーは概念、つまり趣味を意味する
物として言うなら、趣味の道具辺りか

つまり、神姫や、おもちゃも、釣り道具も、バイクもホビーである",あ、の、さ、ジスくんってすぐさ！！！「カラットさらんへ～」って言うけどさ！！指クロスするけどさ！！！愛してるって意味だからね！？！？いいのねそうやって受け入れちゃって！！ねぇ！？！？(黙れ),@yxxn920xx ぐっちのぱちもんやん,"#プライムニュース で識者がやたら安倍総理を嫌った発言してましたが……

安定してるのはそれこそ国民の選んだ結果では？
確かに『まぢで消費増税は止めてくれ！』と言いたいですが、でも現状野党勢力にだけは入れたくないしー(民主の悪夢ががが)

まー選挙で解るかな。楽しみ♪
#衆院選",@arai_west アライさんはアライさんだから遼太郎とは呼ばない,そんな、警官二人死んだんだぞ・・・　ばかな、そんな理不尽な話があるかよ！（銀色の照星）,@SakaMoto_40A 想像と違うんだが,RT @DC48_6810: 「電車が15分に1本しか無いとかド田舎」とか言ってる奴、大都会から一生出ないでって感想しか抱かない,最高にデブ,え……,＜熱愛報道まとめ＞ Sexy Zone 菊池風磨 ℃-ute鈴木愛理との交際報道で... 熱愛は...セクシーゾーン脱退の危機も... https://t.co/PvuzfPFQJO,RT @nikkeibiotech: 5年以内にウナギ完全養殖を実現へ、2018年は雌ウナギ1万匹目指す https://t.co/zr8AwSSyBO #日経バイオテクONLINE,まっっっって,"カラオケわずー。
久々声出せたな😁 https://t.co/k8N0WDTc5J","@hizaneko_nana ところがこれから更にフカフカになるんですよ〜！
今はまだ首の輪郭がカクッとしているのが耳からお腹まで一直線のシルエットになります(体重はそのまま)",そういえばGYAO!のアニエム更新月曜だったんで見てくるw（何度見てるんだ,久しぶりに友達と話した気がする…,"RT @tomothize: バンドのグループLINEでDuttchへの誕生日おめでとうメッセージをみんなで送ってたら、そのグループにDuttchがいなかった。

#そがわのしわざ",えーむずい,RT @RyuichiYoneyama: つくづく三浦氏の論調は不思議なのですが、認可園よりバウチャーにしろというのは「共産党などの左派」に対して言うことではなく、都の与党都民ファースト、公明党、第３党（公明と同議席）自民党に言うべきことでしょうにと思います。何でこの方の… ,RT @sss_0000ss: デレステ 恒常SSR 橘ありす https://t.co/Y0pq6jUrFe,@xclqwn_ おれもこいつらボコした時の写真探してるから待ってて,@_sayaka_0529 ありがとうございます😍💓運命の人を見つけられて嬉しいです！一生大切にします( ⁎ᵕᴗᵕ⁎ )❤︎,"友人に「データを持って行くなｗ」って言われたｗ

ちがう、ちがう！
ポップしたデータを運んでるの！ｗ https://t.co/fdO7LFlmsu",こんな早く帰るの久しぶりやぁ,"いけめんすぎてしんどみ

ガチ惚れた https://t.co/CadbqBcc8P","「ゼロ……めちゃワラ、見てるの？」
(第四節/静椰)",暇んなった〜〜〜,"RT @NBA_COOLPLAY: 🏀GSWのディフェンスからの速攻の流れ。

注目すべきはカリーのスタートの早さ。 https://t.co/laeUJB4cnK","RT @SHIDA__4: テスラ→マルコス→リリカ

「そんな顔をボクに向けて欲しいわけじゃないのに」

#コンパス #コンパスお絵描き https://t.co/tNNBck4XEX",打刀極特殊能力かばう？？？？？？？？？かっこよすぎ,"RT @HORINORU3: 今日来ることが出来ない、Juice=Juice Family
ゆかにゃヲタの皆様へ

10/10
日替わり写真
Juice=Juiceリーダー
宮崎由加さん https://t.co/8j5ei5W45w",RT @8823jet: 先週末くらいに回ってた物欲をいる理由/いらない理由書き出して抑える系のツイの話になって、「言ってしまえばコンサートだって『行かなくても死なない』じゃん？」て言ったら食い気味に「死ぬよ!!!」って返してきた友達のことがわたしは大好きだよ,"RT @KeisarSan: 公記号不正使用罪
ミリコスやＬＥコスで一番注意しなければいけない問題
3年以下の懲役という要弁護士裁判になる罪
自衛隊や警察（POLICE・POLIZEIの文字も含む）、米軍の徽章をつけて公（おおやけ）の場で何らかの命令・指導・行使をすると問われる…","RT @Matsuonanae: 学校の唯一の絵描き仲間のオリキャラとコラボさせてまらいました～～(⋈◍＞◡＜◍)。✧♡うちの子と、アカツキちゃんがよう似てる～✨堂上くんと、海空くんも似てる～多分、ジャンルが近いんだろうなぁ☺️
#吉田綾香　#堂上陽喜　#コラボ… ","RT @nikku817: 友達が送ってきた瑞穂の国記念小学校の今。
だーれも寄り付かず放置。
これわすれたらいかん。 https://t.co/yDpwsLBJbm",やべ…席がまじドセンだ………こ、こわいよー！下手か上手に逃げたい…！ https://t.co/BwqparHg7v,@ma_rukan いえ…創作しちゃってます…深雪にポエムノートを見られたコトがあります,(早く変えろ),"RT @neo_neo66: きぬきぬと美容室です🙄💗
@2_5_2555 @yamatoyu",世界平和,@bcf_mike 早っΣ(*ﾟДﾟ*),やり方がホントにゲス。 https://t.co/EqZ0SIaawT,残業、少ないといいなあ｡｡｡(´･ω･ `),@LoversYoure わああありがとう😭❤️💛🌻❤️,"RT @TOWER_Sale: #タワレコアパレル #WEARTHEMUSIC
 \40％OFFSALE開催中！/ 
対象商品の中から抽選で1名様にジャンルパーカーMIXTURE(S)をプレゼント！ フォロー&amp;RTで応募完了‼️〆切:10/10… ",RT @samako211: 可愛いキャプテン・アメリカを囲むアベンジャーズの方々 https://t.co/NTnbzsSoeP,@Hyooosuke3912 絶対にもっと上達していきますよ！,リフォロー１００％です。　#RTした人全員フォローする　#リフォロー　#相互フォロー募集　#相互フォローの輪　#相互希　#sougofollow #相互ﾌｫﾛｰ #followme #followmejp #followback #refollow #sougo,"RT @SASUKEe_____: BORUTO 新OP Little Glee Monster の『OVER』
バトンロードからのバトンタッチ
これからの展開が楽しみになるようなOPだ！
https://t.co/WPKNxf8PVY
#BORUTO https://t.co…",DeNA・濱口が20年ぶりの球団新人10勝に到達！高卒ルーキー細川は2戦連続決勝弾 https://t.co/AsqCfbhfrg https://t.co/h3Sgwi22ER,ファン効率メチャいいじゃん https://t.co/z51nsmoHDq,"沖縄に来てもアルコール摂取しとらん。

ひとり飲みは寂しいもん。笑","RT @seikimatudango: 寝起きの鉢屋を神輿に担いで激しく運搬する
#anokokawaii
https://t.co/fMgYWeFMdE

やめてあげてほしい",@keyaakanm 欲しいです！,ディスるわけじゃないけど、彼女があんまり前に出てくるのどうかと思うんだよね。プロデューサーだから色々関わりたいのはわかるけど、そんなにセンスが良いとは思えないし,"今期百合枠…つうかあ、結城友奈は勇者である、このはな奇譚、少女終末旅行、ラブライブ
他なにかありますかね",@HIT_totsu _(　_´ω`)_ﾂﾗｲﾑ,M井くんの弾丸トーク体力持ってかれる…,自分の降りる駅でめっちゃ人が降りると、 ドヤ顔になる Ra-8-n@8_hacccccccchi,"RT @hoshi_tagamiya: 今日は点滴堂さん @timeandlove へ、友人からの頼まれものを買いに(o^^o)✨
お目当てのKiNNOiさん @KiNNOi の雪の結晶をゲット❄️

1枚目が友人用、2枚目は私所有の。
写真に撮ってみたら、自分も友人と… ","RT @smap: あ
ん
た
ら
は、
大
事
な
日
は、
ほ
ぼ
ほ
ぼ
大
雨
！

#おじゃMAP",え〜もうなに かわいいしんどいありがとうございます🙏💕 https://t.co/yqCXcxC6oY,は…は… https://t.co/GEUQL0wNxI,初配信♪コメント待ってます！  #Mirrativ で配信中！  https://t.co/8lG7xdcsA9,腕切らねえ顔も可愛くねえガラ悪い需要のない病み垢はこちらです,"@miyamonn0815 素敵っていうか歪んでてもすk((
愛か分からないけど…ってのもすk(((
でもリバは無理なのと大丈夫なのとがあるなー(´・ω・｀)
結論:
たまに地雷を踏みかけるけど基本なんでも受け入れる( ˘ω˘ ) ｽﾔｧ…",@annatsu0304 あね,誰かが何かを楽しみにしてるんなら、それを裏切るのはよくないな…　チャーリー・ブラウン,"RT @take777_: おはようございます

雨がやんで天気ヒンヤリ
天気は晴れて日中は蒸し暑い
らしい(笑)
休みの人も…仕事の人も…

今日も元気に頑張りましょう
٩( 'ω' )و https://t.co/iInTrovwJH",@akane0820nene ( ´^ิ益^ิ`)&lt;断る!!,「おはようございます」「あ、火神くんおはよー！今日は早いのね」「ちょっと早く目が覚めたんすよ、カントクはいつもこの時間なんすか？」「そうねーだいたいこのくらいかなー」「もしよかったら、が、学校まで一緒にいこうぜ...です」「当たり前でしょー！」「え！？」「はい、さっさと歩く！」,07:30:07 震度0未満 岩手 宮城  #くりーむがおこさなかった地震,"RT @RinaSzms2011: いよいよ明日からは…⚽️✨

きっとたくさん笑顔になれる☺︎
会場で 全力で応援してます📣🌸

(画質悪いけど観てくれると嬉しいです)
下手くそでごめんなさい！！ https://t.co/NoskNoYxif","RT @ta_ki_Hill: ⊿

・ 初 タ グ
・ 関 東
・ 9 7 l i n e
・ 女 ヲ タ ◎ ￤ 男 ヲ タ ◎

⊿

#乃木坂46 #欅坂46 
#西野七瀬 #与田祐希 
#菅井友香 #渡辺梨加 
#乃木坂好きな人と繋がりたい… ",RT @susanoo_m: 【#ホーム開幕戦試合情報 19】一階スタンド指定席の上段のメイン側(40席)、バック側(40席)※3700円 が当日チケット販売対象となることが決定いたしました。座席数が限られていますので、お早めにチケット売場へお越しください。https://t.…,行きたかった…,俺得修学旅行のカメ子つて本当にかわいい,君が正しいと思うなら 信じて進んで。俺も信じるよ,クソ女を第三者目線で見れる私えらいでしょアピールいらない,サタン狙いで引いたらでた https://t.co/vMIAqqArUx,調子悪い？,高崎線いつもくらいの人の量やん,@nhgfresaw663450 ヒッキーだけにして(),@null 3時50分,"もしも動物の言葉が話せるならば…
なんでそんなにうまいの？って聞いてみたい (ｷﾗｷﾗ",ねのつよあねふおらすろけおてかえにしいの,ヤリたいよ～～～～☆エッチしたくて堪らないよう。。☆(*´д｀*)L→milk9120,だから勝手に柄とか入れてごまかしごまかし,休学扱いじゃなかったのか？,エレバスちゃんとかいう可愛い子でた...!テンションあがった,ここまでおいで♪　リューシャ,@iori_071538kagu 直接会場行ったらおっけーなんですね！荷物預けるスペース（クローク？）の料金的には荷物一個にまとめたほうがよさそうですよね？手持ちの小さいバッグとか必要でしょうか？（何か買うスペースあるとか？） https://t.co/aRqCPAhmzk,ボルナル https://t.co/djwA6NOI0e,"響ラジオステーションで「ラブライブ！サンシャイン!! Aqours浦の星女学院RADIO!!! 」を楽しもう!

みら僕最高すぎる👍👍 https://t.co/8iLfold45P",九九の９の段の｢今まで倒してきたボスが復活して襲いかかってきた｣感,やりたい事があるなら 先延ばししてはいけない。 やりたいと思ったときが 「すべきとき」なんです。,あそこだ、パワータービンを抑えるんだ！,わたしのお昼ごはんツイートのいいね欄がちょっと懐かしくて和んでます😌,@fu_ri ほんとなに ？ なんでこんなに影響されんの ？？,プロフとかつぶやき見ないで返事くれた人は申し訳ないけどスルーしちゃうかも！とりあえずプロフ見てちょhttps://t.co/Qymky37rra,"@0821Runa_jojo フォローありがとうございます〜〜！🙌
フォロバ失礼します！😌

私も呼びタメ大歓迎なのでお気軽にどうぞ〜〜！💪✨
（早速、呼びタメ失礼します！）
では、トマトちゃんって呼んでもいいかな、、、？？？😌💦💦
こちらこそ！よろしくだよ〜〜！🙌💕",【定期】黒バス（紫受）、ハイキュー（影山受）、ＲＫＲＮ（下級生、雷蔵）が好きです,"RT @isatuyo1324: すみませんツイさせていただきます。諦めたくないです😢
大阪小喜利全滅しました。
(求)10月14日2枚
10月15日3枚
どちらでもよいです。
ドタキャンしません。難しいと思いますが譲ってくださいよろしくお願いします🙇⤵
#小喜利の私",だがしかしもみりゅ〜〜,"RT @shinpei_brz: 今日はBREAKERZでテレビ収録や取材Dayです！
オンエア日などはまたお知らせするね、トークもあるのでお楽しみに★ https://t.co/jgwwsKfrVy",RT @jikohitei: じゅしくんが女体盛り丸飲みするシーン見たらおこって私も食べてって迫る彼女ちゃん https://t.co/ZcvnBtjsh6,曲作る時一番大変なのってやっぱり編曲なのかな？,RT @Immortal1664: ビジネスナイト、ショベルナイトの新しい敵キャラとして出してもらおう（提案） https://t.co/8xLDiEu6iX,"西村ヒロチョが流行ってるけど
リズム芸なら2700も好きwww https://t.co/vmR8aNlATj","RT @kt_sixtones501: 【少年たちLIVE 姫路 10/11昼】

ゲスト:室龍太

新快速に乗って2時間かけてきた

龍太「佐久間がずっとメールしてくんねん。
松竹座も見に行くよ！」",RT @unimni49: 表情が好きだったところまとめた… 勝利くんは本当に表情の演技がうまい… さっき言った怒った時の目もそうだけど、本当にそわそわ嬉しそうだったり、愛しげに見つめたり、目を逸らすのだって本心では一緒にいたいのにって切なさが溢れてる… 本… ,寄付金よりテンガ俺にくれ,"RT @itallinc: #自分の本名あるある

えっ、ナイセンさんじゃないんですか？ｶﾞﾁｬ…ﾂｰﾂｰ https://t.co/KD25pd0dlo","昨日は読売ランド行ってきた
乗り物いっぱい乗れてちょー楽しかった！メンツ最高すぎる👍 https://t.co/Gvbv8o0WS0","今日はラスト授業3時間自習やったから（面談週間で）3時間きっちり勉強せずに爆睡してました！幸せでした！

明日からテストです！（←バカ",RT @kabutociti: ローソン　通期予想修正　　営業総収入6720億円（前予想6750億円）　利益は据え置き　　コンセンサス6650億円　　https://t.co/P9dXziPyyQ,だから…飛行甲板は触らないでって。そんなに興味があるの？仕方ないわね。,"皆さん、心は風邪引いてませんか？？
そんなときは無理せず、ゆっくり過ごしましょ♪
お互い気分転換になる何か見つかると良いですね♪
6日～か20日まで2017年ラストイベ参加中Ｏ(≧∇≦)Ｏ
https://t.co/Y4qpoHGKVC","愛コンタクト！（笑）
eye(愛)contact!　(haha〜) https://t.co/4oItd8yP6o","@_1998O324 りなって呼んでください😳🌸
お互いタメでお話しませんか？🗣💭",RT @_gezigezi_: 夜泣き原因を探るため、真冬に子供の布団に熱電対を入れて取ったデータなんだけど、最初に寝たあと沢山の波が現れるのは子供が暑くて寝返りを打つから。そして起きてしまい寝かしつけに１時間半かかってる。２時半以降気温が下がったので5時近くま… ,RT @garupan: ラジオ最新話、更新されました！のっけから素敵な英語をお楽しみください…！ #garupan https://t.co/2sIItwiLc2,"RT @P_C_LEON: 手前1号WFSFヴァイオレットOP系。
奥2号オレンジフェイス謎OP？
真ん中3号謎OP。
#コザクラ #メロミカ https://t.co/baVt2LY36C",RT @MOCACHOCOLATEM: あぶのま、期待しててください。いや、ほんと、必ずやご満足いただける内容です、ほんと、営業さんみたいだけど、ほんと、そう言えるんですよ。,"RT @htb_yumechika: 【04 Limited Sazabys GENさんサイン入りonちゃんプレゼント！】
☆応募方法☆
・フォロー＆RTで応募完了
・〆切：10月18日（水）23：59
当選者の方にはDMでご連絡します！
インタビューは10月16日（… ","@daisuki12h まだ排気臭がいい匂いに感じる事がマシだった。

いや、同類以上だった。","英表の最後の記述問題
浅野が稲吉に憧れて作った説",今ならそこに阿久津も入れておきます？？？(  ͡   ͜   ͡   ),"RT @PandaKanpo: スープジャーでお粥出来るよ。米と熱湯入れて放置で出来るよ。夜作って朝食べられるよ。

スープジャーは小さいやつ。米は大匙３～1/4合。湯はその6倍。

コツは沸騰した熱湯を使う事と予熱すること。 https://t.co/I0TIIHTmZR",ラウいくかー,"RT @boz_honten: 新作のブラウスが入荷致しました
https://t.co/EfCbhyWimv
ダブル仕立てのブラウスは見栄えが良くファッションとして新鮮で
マンネリになりがちなゴシックコーディネートに新しい提案です

是非、ご覧下さいませ… ",@antidote_19xx なんで傾げたしwww 買ったらいいじゃんハロウィンw ミッキーランドに着ていきなよwww,＠2 宝生永夢ぅぅぅぅぅぅぅぅぅぅぅぅぅぅぅぅぅぅぅぅぅぅぅぅぅぅぅぅ！ https://t.co/x0bnmgvLNk,@5656donguri 抽選の結果をお伝えします📩おめでとうございます！「シナモンメルツ割引クーポン」当選です🎉 10月16日以降、お店で下のクーポン番号を伝えてくださいね📱 https://t.co/aS3zv9VCkK,@minako_tky 応用で変換タグを別の変換タグに一括変換できるので、ドリームメーカーからdream.phpに以降するときもめっちゃ楽でした。サイト管理人さんにお勧めしたいソフトは色々あるけど、夢サイト管理人さんにお勧めしたいソフト聞かれたらこれを一番に挙げるくらいオススメ！,ლ(^^ლ) 元気 有り難ぉ♪ そんな所好きやわぁ(笑) https://t.co/AkeknXzhSE,アノニマスにはコンピュータハッカーの参加者もいますが、多くは単純に、日常的にインターネットを楽しむユーザーであり、情報の自由を信じています。,PLS RT ❤️おっぱい❤️FilipinaFriends ➡️ #sexy 💛 プッシー🆓 #nudes ⬆️Follow⬆️ ❤️おっぱいチャンネル❤️ ➡️ 💛 🆓 #WebCams 🆓 💛 live sex➡️… https://t.co/1Skq9RqDcv,"@MorizoK_notenki 参加ありがとう！「ベリーダンス」、踊りたくなるかも♪今日も「1日ずーっとイイカンジ♪」

Wチャンス⇒https://t.co/6bGrRkKYMX

10/29まで毎日挑戦！
↓結果は動画で↓
https://t.co/ZtFaJKmLqY",でもとにかく無理矢理にでも前向きに明るい気持ちで頑張るしかない。前向きなままくたばれたらそれで本望。ここまで来たら一度乗りかけた船は降りねえぞ。人助けでくたばるならそれが俺らしい俺の人生。事故で首の骨を折った時に一度死んだようなもの。あとはせめて人のためになる生き方してかなきゃ。,きらさんスタサポちゃんと殺せたかしら,"RT @__primako: 後夜祭で歌ったアリエルです🐟
みんなのこと魚だと思って歌いました🤤
よかったら聴いてね〜＼(^o^)／
∈( ⊙_________ ⊙)∋ https://t.co/VakXZUu7gs",あっ！間違えた^^;まあええか！,＠tos 安川純平 https://t.co/evkQIeDVH9 #TFB,@f_ran0730 おはよ,"@2626hello コンビニ！！！！！！！
考えになかったです〜！！😳😳
ありがとうございます〜💘",跡部様おめでとうございます🎊🎉🎂🎉🎊,"RT @mipom0317: @rino_1632 遅くなってごめんね！
お誕生日おめでとう！！","おはよう。
もう少しだけ眠っていたいが・・・もう諦めて起きよう。",おはようございます！今日も頑張りましょう！,「クッソつまらない・・・」HRの時に放った言葉,RT @ilymdmfml: 第2期第1話で混乱している皆さんに伝説の第1期第1話をとうぞ #おそ松さん第2期 https://t.co/cTYCcSsnFX,@Yamato__Shijimi おつです！,おはヨーソロー！,おはようございます 7時ですよ では いってらっしゃい,"@3J2ZHbemGkKUY6o どういたしまして!(^^)!
ぜひぜひ！","RT @Hiro_Kaichi: あなたは日本人？
Are you Japanese?

#アンケート",@timesbar1 ありがとうございますー,RT @hayashiyus: 「ベイズ統計と統計力学は数理的に等価である」という宣言（厳密には宣言ではなく、渡辺澄夫先生が明らかにした理論的視点）から始まるこの発表要旨。データ数を仮想的な温度とみなすことで、モデル＝事後分布に相転移が起こることを明らかにしてい… ,"Apple Watch Series 3と同時に発表されたSport Loop バンドの開封＆レビュー!!!
https://t.co/7dL6xKOOfb 

#AppleWatchSeries3 #iPhoneX… https://t.co/x2qkq94aP5",@chiro_nouen めっちゃ滅びろいわれるー(　˙ ؂ ˙　)ぺろ,@msma_mai_irumi ぜひ明日は写真撮りたいです！もちろん、仲良くなりたいです！私からもお願いします！！(*´`),RT @notalonesana: パーフェクトビジネスアイドルも(●^～^)現る https://t.co/EPyhS4jxad,「あいからわず」懐かしすぎません！？（笑）さーおれさん実写も面白いなぁほんとに,"@pantyfuse おお…フセさんもそんなことがあったんですね！

幼稚園で一緒だったお母さんなのに本気でわからなくなってたのですよ…。
後から思い出せたけど4年前まで仲良く話していたというのに😅
我ながらガッカリですよ…とほほ。",RT @avogado6: ハイ https://t.co/CrrNIV1ZAd,"RT @takuteks: 希望の党公約
１.原発ゼロ
２.隠ぺいゼロ
３.企業団体献金ゼロ
４.待機児童ゼロ
５.受動喫煙ゼロ
６.満員電車ゼロ
７.ペット殺処分ゼロ
８.フードロスゼロ
９.ブラック企業ゼロ
10.花粉症ゼロ
11.移動困難者ゼロ
12.電柱ゼロ

13.実…",死因 マンホール,"RT @Pukyu3_205: だーれーかー
#まふまふ
#まふまふ生誕祭2017
#まふまふ誕生祭2017　
#まふまふ好きと繋がりたい
#拡散希望 https://t.co/9plpa17uHX",★ お客様の声 ★ カンガ、ヘアゴムに続き、今回はカンガポーチを購入。形が決まっている化粧ポーチだとかさばってしまうため、布タイプのポーチが欲しいなと思っていました。容量もあり使いやすく、色も爽やかでとっても気に入っています！ https://t.co/RBrqqnZ7Ds,"@m_llura 海外なんて…羨ましすぎる！
まだ先なのか…！でも楽しんでね！",そうだよね、そうなったらみんな激おこだわ,なっつまち⋆⸜(* ॑꒳ ॑*  )⸝ﾋﾟｮﾝﾋﾟｮﾝ,インドラください,"当選結果が全然来ないぞw
何故、、？
明日なのかな、早く来て欲しい、心臓が持たぬ…。",ぼ、僕に！？ほ、ほんと？,"いきなり読まれた！理想的な放送局ww
#keiba_radio  #umakin3",RT @ecomm_kanri: ご無沙汰しております。ご投稿いただいた風景画像の大半の収録が終わりましたのでご報告申し上げます。総枚数1400以上、皆様のお陰で網羅していないマップはほぼ無いと言い切れるほどの資料となりました。#econline… ,@tomomisanjo 銃乱射した馬鹿がキチガイだから問題ないだろ,PON！の磁石かわいすぎて禿げた,"My new fav tweet:1

こたよけおとすにんめとくあうはうちはにけ

— fina (firsoom) October 6, 2017",少し部屋の中が写っちゃってる,RT @Story_terror: 似てる #anipoke https://t.co/d5gO9NEWZj,ブギーの逆襲のリメイク出てくれませんかね…,9nine ベイビーレイズのデート企画@村田寛奈と傳谷英里香からダブル告白#Liveme 9nine ベイビーレイズJAPAN: https://t.co/oK7MSEwYES https://t.co/3hgzZg9i0M,RT @eku_para: ふくちゃん(@fukufukuta55)がマイキャラと司ちゃんを描いてくれたので自慢させてください裏もマスキングがしてあってはちゃめちゃにかわいいんですよね https://t.co/I3fYeN9Ykw,RT @yonaki: んべー https://t.co/Ib6Z8XkCBy,ホトトギスはきっと、鳴きすぎて声が枯れて泣いてるんだよ,"RT @in_nba: 昨年放送された、日本テレビ番組『 有吉反省会 』に出演した、フリースタイルバスケットボーラーの ZiNEZ a.k.a KAMIKAZE さん。

人気ハーフタレントのアレクさんに激似すぎるということで、本人と初のご対面！… ","検定で忙しくなってるので！！
リストの人のみ絡んでおります( 〃▽〃)
天理さん、KAORIさん、みかさん、つーさいなさん、*翔潤*さん、がちゅ@暇人さん、*櫻葉まいぽん*さん、ToMoさん、みなしょうさん、Yukiさんが入っておりますＯ(≧∇≦)Ｏ
他にも暇人(今は…w)に絡ん","RT @sgs109com: 😆明日発売😆ミニストップから上品なカラメルソースとアイスがとろける『なめらかプリンパフェ』が10/6(金)発売🍦🍮🍮🍮🍮🍮🍮💞
https://t.co/8z1nSKmgLc https://t.co/BkZAZq3IIH",【芸能人の名言】 母さんが教えてくれた「まけるな」は、「人に負けるな」ではなく「自分に負けるな」ということだった。 ｂｙコロッケ,RT @rapameri: #深夜の真剣お絵描き60分一本勝負　こいしちゃん人形とさとりん https://t.co/ZgNw9NoSma,@vin_quart あれ、嘘つかないんじゃ・・・(&gt;_&lt;),"@komiki0421 
だよねwwwwwwww
わーい！！後でお邪魔するー！！(ﾉ)*´꒳`*(ヾ)","RT @aptx0915: 【どうぶつの森コメント記録】
#マサカズた村 2017年10月7日(土)更新分 https://t.co/3KsetmE8Vb","RT @masafumi_chie: 【拡散希望・探しています】
博多座 SHOCK　10/13　
昼1枚
席種不問
定価+手数料にて探しています。
当日の手渡し希望です。
マナー違反、音信不通は致しません。
お譲りいただける方からのご連絡お待ちしております。
よろしくお願いし…",@yoshi96naokichi はーい！やれるだけやってきまーす。お土産もありがとねー。,オールスター感謝祭、今回で２６周年な～(*´ω｀*),SideM見たら寝よ,@rua_rua_00 私今日撮影会だけだったけど大丈夫だったよ！,"RT @7_taizai: 「七つの大罪 戒めの復活」OPテーマは「FLOW×GRANRODEO」に決定！
第1期のEDも担当した注目のタッグの新曲をお楽しみに！詳しくはこちら！https://t.co/lqNccMf15i #七つの大罪 https://t.co/mftHb6…",@10_RYO5 すえいもヤバイって言ってたからそれ見ないと死ねない…！！！！,"のんだーーーー
はいたーーーー
まだまだーーー！",受け止め、受け入れた部分、乗り越えた部分、今も戦っている部分、全部合わせてマイケルだよ…,RT @kwkmbrick: 平沢(158)「核P-model、12枚目のアルバムの情報です」,@maichuuuuu1 乳歯やってさーーーー🤣🤣ば,"RT @SUSHImedia2017: 松井「共産党は自衛隊は違憲だという考えだけど、自衛隊と憲法とどっちを変えるの？」
志位「憲法の理想に向けて自衛隊の現状を一歩一歩変える。日本の周りが自衛隊が無くても大丈夫なくらい平和になったら自衛隊をなくす」

頭おか志位ｗｗｗ

#我ら…","RT @choco05120512: 拡散希望
UKISSチックスマートの缶バッチ交換をお願いします。本日会場います。
（譲）ジュン、フン、イライ
（求）スヒョン
#UKISS
#チックスマート","てぃーすぷこれで参戦しまーす笑笑
無銭してくださる人お願いしまーーす！！笑 https://t.co/cvIl1z6zuw",@END77472914 怖いよね,RT @stoutness1: 大槻 https://t.co/8C9vcmoD37,"モンスト『 #4周年人気投票ガチャ 』

妲己に投票したよ！

欲しかったあのモンスターが、キミの1票で排出対象になるかも！？
皆も投票しよう！

#モンスト知るかよ https://t.co/2yyTMDX641",コンビニプリントブロマイドがランダムなのなかなかに勘弁して欲しいやつ,"渡久山美月（SiAM&amp;POPTUNe） SHOWROOMにて配信中!!
https://t.co/KdMAyKMgC0","RT @kawazu_izmd5: [譲渡] アニメイト オーディオ ビジュアル 祭り AV まつり 
譲：画像 缶バッジ   ツキステ 文豪ストレイドッグス
求：各200円+送料
検索からでもお気軽にどうぞ https://t.co/mqnpaSsFkw","RT @kumasantube: ラブライブ！サンシャイン！！2期OP
「未来の僕らは知ってるよ」
神曲キターーーーーーー！！！
#lovelive_2ndseason 
#lovelive_sunshine 
#ラブライブサンシャイン2期 https://t.co/ahWRV…","RT @apXL59psgybryPT: 誰でもいいからファンなってててて

―――――――――

相 互 ふ ぁ ん な る で 🌸

――――――――― https://t.co/DtvodhNUlA","@cocoa_harohapi えw待ってwwwww それならいつもブースト1でやってたんですかいなww😳😳 
魂のルフランとスカーレットスカイが苦手で出来ないですww 特にルフラン...ww
一応運営側も支障はないけど万が一としか言ってないから大丈夫なはずwww",RT @kitsune_ye: 奥能登国際芸術祭に行ってきました https://t.co/AV6YDDNsQe,RT @CDP2017: 【結論】というわけで立憲民主党のアカウントがリツイートを水増しした（買った）ということに根拠はありません！フェイクニュースって怖いなあと思いながら、引き続き頑張って行きたいと思いますのでよろしくお願いいたします。,@dragonfes りんご！！！！！！どういうりんご！！！！！！,"RT @c_genkyo: サ2期1話まとめ

新入生「そろそろ自分の番😊」",そういえば トップがのユニまちがえたの,山村ァ！や！すごい！,俺はパズドラがしてーんだよ,"RT @sokuhou874: 画像3枚でわかる新型iPhone &amp; Apple Watch

#iPhone8 #iPhoneX # https://t.co/6Plk842eNt","1話最高でした！次回の展開がめちゃくちゃ気になります！
opとedが最高すぎました！
頑張って覚えていきたいです！ https://t.co/HeNO5ej7Yh",@TAKAFUMIDAAAAA おマン。笑,@KonpasSiro さすが＼(´・∀・｀)／んバッ,モルガつんポニテ回はいつ放送ですかね。。(早漏),"RT @note_PR: 現代のSNS慣れしたお前の頭をガツンと食らわせ、現実に引き戻す。そういう重大な作品が今現れた。アクションシューティングゲーム『RUINER』について、逆噴射先生が贈る渾身のレビュー！ 
https://t.co/qmU1b7Iiei @dhtls",瀬戸康史ってイケメン過ぎだよね！,RT @Take_Jingle: QUEENS読破した!,"@__awitter28__aa あほか！あなたにあげるお菓子はありません☺️
うまい棒くらいならあげたる",十五夜🍡🎑 https://t.co/GCqGwB2MYQ,1gameヨースケが投資12枚でやかしたみたいだけど、私先週投資6枚で8500枚やらかしました💪,"学校で習ったよそれRT

ちなみに今月は祈りの月らしいです！誰がするか！！",次の @YouTube 動画を高く評価しました: https://t.co/6pHIAEr0V6,＠tos 長崎放送 https://t.co/8Cu3oAjPC5 #TFB,"@shizuya0513 マジかよ偉いwww
頑張って！！⋆⸜(* ॑꒳ ॑*  )⸝ﾋﾟｮﾝﾋﾟｮﾝ","RT @jomaruyan: 市場は豊洲に移転します。でも築地にも市場機能を残します。
私が党の代表です。でも東京都知事は辞めません。
政権交代をめざします。でも選挙結果をみて、自民党との連係を検討します。
それが保身の術なのか、この人、いつも半身の構え。",おったな昔フォロワー整理しますって謎の宣言する人な…w速攻リムったな…,"あ〜 やっぱり行きたかったな

どんなに悔やんでも
もう取り戻せないんだけど。

このまま一生引きずりそうだ",【梅原裕一郎・白井悠介】【ケンカｗ】白井悠介に絵をツッコまれる梅原裕一郎「手抜きじゃねえんだよ！オレだって頑張ってんだよ！」西山宏太朗「ケンカはやめてｗ」　⇒　https://t.co/AVCUIfpDXK,"ソンナコトナイヨー
#真那さんいわく皆のツボが浅いんじゃない？
#SKE9周年",【定期】漫画とお笑いとチョコレート中毒者です。 オススメなんて教えてくれると、ヒクくらいに食いつきますw,@moyashi0069 え、あれってレア度に比例して増減するの？？,@chocoball_ogawa 明日トローチあげる,"え、は、なに、かっこよすぎるし

#防弾少年団
#BTS
#シュガ https://t.co/RPvbkZ31b0","結構面白い､､

★パッと分かる恋愛診断

っちょ.jrさんは「イグアナ型」と判定されました。
甘えたい気持ちや寂しい気持ちがありながら、あまりそういう自覚がなく、不器用で武骨。しかも我慢しや...

↓詳細はこちら。みんなやろう！
https://t.co/5rUURHdhbV",@oyahi15 21で‼︎,@zuini_twt ずいに！珍しい名前ですね！,RT @oyu11: 魔法学校の制服は可愛い https://t.co/mfHrqBskYb,"RT @shigaofficial: 志賀高原「初雪」降ってます❄
#shigakogen #nagano #japan #snow #shibutoge #志賀高原 #渋峠 https://t.co/oHmsnoBcVv",Adoption Criteria（採用基準を明確にする）　採用したい人材像を可視化するにはどうすれば良いか？　https://t.co/dxELSSEZFN　#facebook,ヘスティア！！,"合作！！！💕
まふまふ→霧島みやび(私)
そらる→ @_karintou_mfmf  かりんとう。
背景→かりんとう。 https://t.co/NxHjaufZfS","@ninononinodekai たーべーたーいーーーー、
デスマッチ巡りしたい🙋🏼‍♀️",リサイクルマート 岐阜羽島店のアルバイト・バイト求人情報 https://t.co/KlY7gFBaPP,RT @WEsunny8080: ｢205系（山手線）｣ #夢電_ゆめでん http://t.co/yV7BC8GLlN,慎吾ちゃんのお部屋、モザイクだらけでわかんねぇwwwwwでもやっぱり絵がたくさん飾ってある！すごいなぁ！！,"MONOGR∀M-劣化と衰退(demo.ver) 
https://t.co/louvpOhcEZ https://t.co/MD650GMGUP",20時までの店舗行けるかどうか,長谷部は何を見たのか…,RT @ururu50502: ああ、これ、テレビで見た時あまりに罰金が低くてビックリしたっけ。50万って、命の値段そんなに安いのかよー https://t.co/frDKXQ8FfZ,"RT @boc_chama: 今日は静岡エコパアリーナ公演一日目です🍵暖かいですね☀️
汗かきますよね、大丈夫です。Tシャツタオルキャップあります。夜少し冷えそうですよね、大丈夫です。パーカーコーチジャケットあります。
物販全力待機してます🔥
#PATHFINDER
#PF_S…",@greyhakusyaku 良かったら後でわたしの使ってくださいね！！二個持ってきてるのでちょっとでも回復できれば😂,RT @H3PO402XXYZ: ケツピン自体は他の二次創作と同じようにグレーで楽しめばいいんだけど、公式ピングーを宣伝するNHK垢にキャプチャリプライを飛ばしちゃうオタクは https://t.co/yuvAWDyxYV,"@tukinekonyan 
おつありにゃ！
お仕事あるのに来てくれてありがとう！久しぶりに会えて嬉しかったよ〜おかえり😊✨",@shingi310 あ、すみませんタイミング悪かったですね、お忙しい中お気遣いありがとうございます！ただ単に紳騎さんと仲良くなりたいお年頃の地雷０人間なので一向に大丈夫です、何か都合が悪ければぽいっとブロックしといて下さい！(;´▽｀A,"@eroaka107 もっちろん！
もう僕たちの間で遠慮なんかいらないよ〜♡",そいえば以前、良番引いてまどまぎ座って投資5万ノーラッシュの記憶が…！！,今日はうぉぬじゅんの展示会お邪魔してくる( ˘ω˘ ),@Suzu__Rin0326 よろしくお願いします,RT @ikedanob: 希望の党の応援団は、いよいよ公約が擁護できなくなって「公約なんて細かく比較しても意味がない」と言い始めた。それじゃ公約なんか出すな。,簡単になったなぁ https://t.co/p6tBv73KS8,"@fffff___mi00 そーですね👍
みかです!!",@marupinnku　109:00です,10時です,@rukariono 誰と？,（ぼーっとしている）,@iztk2 平成15年以前に21号(昭和50年代後半？)の音響があったと思われる交差点ですね。,"そういえばラプラプこけてたね
かわいい","え、みて？
ほっかほっか亭があるよ？
え？ここはほっともっとやないと？ https://t.co/gB0LnxULlb",@tomotomolove222 「過去に倣って」くらいにとどめておきたいね～。PTSDみたいなのはつらいもんね～。,@rucal_jk もう待機列？えふごのせいでは！！列分けてください。公式への課金額によって順番を分けるなどww,学校行きたい,"I'm at インディ・ジョーンズ・アドベンチャー：クリスタルスカルの魔宮 in 浦安市, 千葉県 https://t.co/a10JEglhku","@mikasha_v おは
めでぃきゅっと履いて最後の抵抗なう","@mamunosuke0215 あぁ＾〜
そんなこと言われたら…
もうすき…",フルアタ以外考えれませんなｗｗｗｗヤャラドスｗｗｗンンｗｗｗｗ,"RT @kemono_matsuri: 幕張ちほーがーでん、2日目開幕！！！
和太鼓のパフォーマンスからスタートです！

今日もみんな一緒に最高の日にしましょうねー！！！スタッフもお客様もみんなで一つになりましょうー！！！

#けもフレがーでん https://t.co/Zch…","RT @myaotwo: 工場の組み立て系もですね。
誰でも簡単にできるように言われてるけど向き不向きがある。 https://t.co/uFORsH9gmq",@creep_chichi (๑ΦωΦ) 帰ってにゃんだか怖いですな…っ（ごくり,そろそろお腹も空くころですね,@hazard_is おはようやね♡,仲間がいるから今があるし、仲間がいるからできたことがあるし、仲間がいるから成長できたし、仲間がいるから頑張れたし、仲間がいるから楽しくいられるし、仲間がいるから今の自分がいるし…仲間は私には欠かせない永遠のパートナー。,@dela_ayane おはよう、あやねん。,結局ご飯食べるとこ調べてないや,@Kohaku_yamiaka 大丈夫か？(´・ω・｀),1588(天正16年)聚楽第に後陽成天皇を迎える,@pyoko_seven たぬになってる(´つヮ⊂)ｳｵｫｫｗｗｗｗ,"@pitai0909 こんにちは。お返事ありがとうございます！
こちらこそぜひよろしくお願い致します。
フォロー大丈夫です。
お先にフォローさせていただきます。","RT @you_bet_11: 破壊神たち「あれは…身勝手の極意！」
一般視聴者「身勝手の極意！？スゲー！！」
訓練された視聴者「身勝手のバーゲンセールが始まるんやろなぁ」
#ドラゴンボール超",強盗(あろま),"RT @AMURO_N_NO_UTA1: ニセモノ見抜けない
そんな女じゃない

(TOP SECRET)",RT @isuhaimo: これ猿轡つけてるうさちゃん指輪だと思って買ったんだけど歯のキャラクタの指輪だった https://t.co/AQGzhAUwZQ,俺の再婚が決まったのを知った元嫁が勝負に出て来たww今更どうしようと言うのだ？ https://t.co/vzwMa3j9Ki,今日も1日 https://t.co/9MoSvzL0If,RT @fnoji: 最近管理人マストドンに篭って出てこないけど淫夢ガジェットブログの中華端末紹介ブログあるよ,@akito_pwa_bot ユーリがマリアンヌ先生から聞いた通りで変わらない。,RT @takasaka393: たつき監督サイコパス扱いされてる話で「は？」となって確認したら纏めてるのが刃でやんの…そら流れてこないわけだよ、ダメじゃんあの手のはPV稼ぐためならガセだろうがなんだろうが書く掃き溜めだって,RT @netgeek_0915: グッジョブ😎 https://t.co/MXh5hLCcfh,"出勤前の数分、
休憩中の数分、
寝る前の数分、

をお金✭*. ﾟに変えれるって
知ったらやってみたくない？？","神奈川4区(栄区鎌倉逗子葉山)、立憲民主党から立候補、早稲田ゆきさんの出陣式第一声は、
このあと鎌倉駅10時！
とのこと。

ぜひ、直接声を聴いてみてください。
市民と積み重ねてきたヒューマンデモクラシー、どうか実になりますように… https://t.co/DZjzK1XYLW",＠null #午後８時３分 【アルトネリコ２】世界の創造を歌う詩 Ｐａｒｔ１１８【実況プレイ】 https://t.co/hFgYBpnkm9 https://t.co/nY8famjOw8,眠すぎる…,朝からありがとう(*´ｰ`*),RT @Lepido_pooyan2: エゾクシヒゲシャチホコ。タイプ産地である定山渓のセコマに来ていた。もう少ししたらエゾが付かない方も出てくるだろう。 https://t.co/0U8YffiLj0,@kyu_doc いよん笑,"今日終われば休み〜
4連休〜〜","あら  、通知が溜まってる 🙄
みんなおはよう 🌞

とりあえずフォロバだけ返します  、、、",いやぁキツイっす,RT @shi_ro_kuro: 映画館にはラストレシピがたくさんあった🎬💕 https://t.co/58VJfMfbTz,@tokugawa_koi ....そう、ですか。無理しないでくださいね。,"みんなが思う理想の大人女子
嫌味なことを言われても、笑顔で上手にかわせる
自分が楽しむのではなく、人を楽しませる気遣いができる
立ち居振る舞いがキレイ
他人と群れない　人の意見に惑わされない
シンプルな格好なのにカッコイイ",RT @ARuFa_FARu: うちの会社は会議をナメ過ぎている https://t.co/mRtLk1F9rw,朝からヘラクラスにアルトリア来てくれたの嬉しすぎる https://t.co/w1j0kdV0jX,あーっ学校いかんとううう,各種宴会ご予約受付中！名物の焼鳥をメインに、扇屋ならではの料理を楽しめるコースを90分飲み放題付で3000円～ご用意。+500円で飲み放題30分延長可！★☆ https://t.co/KajoWXyhqk,"RT @nekona23: 敷波 with アーモンドミルク＆グラノラフラペチーノ 
#秋になったし艦娘にカーディガンorセーター着せようぜ https://t.co/akj6TKGl8i",正則「清正と行長がまた殴り合いの喧嘩してる」三成「毎日懲りんな。今度の原因はなんだ」正則「あ、吉継がむかった！殴ったーーー！采配で思い切り！いてえ！あれはいてえ！！！」三成「あ、そのまま正座させられたぞ」,"@las_reason リツイートありがとう！
さあルーレットをとめるよ！
結果は動画をチェックしてね♪
「フォロー」がまだなら忘れずに！
次回もチャレンジしてね！
#きららファンタジア 事前登録実施中！#きらファン
https://t.co/8VS907I7N9",いいかかわしまぁ？ by千田,お受験スーツ ママ レディース 紺スーツ フォーマル ワンピース 入学式 入園式 卒業式 卒園式 面接 母 https://t.co/8pXK2eBbho 長野銀行ガレージ. 濃紺 お受験. お受験スーツ ママ レディース 紺スーツ フォーマル スーツ ワンピース 30...…,RT @kennoguchi0821: そうそうこの🍙です。15年以上前に買ったブーツで来ちゃうから靴のソールが外れガムテープでぐるぐる巻きにしながらの登山。「ソールなんかいらないよ」と途中で完全に剥がしてしまい。でも草なぎさんの凄いのは撮影としては山頂で終了したのに最… ,RT @ITACHIFALL: ある条件を満たすことで、サウンドとグラフィックにそれぞれ更に古いフィルターをかけることが出来る。これが2017年に作られた80年前のゲーム #Cuphead https://t.co/fJQAKoL8qt,"@aiai_dance おはよーございまーす👍
上空20メートルは冬眠出来そうなぐらい寒い…(((=ω=)))ﾌﾞﾙﾌﾞﾙ",≪扶養内＊ＡＭのみ≫老舗おせんべい販売 - 販売（情報通信系・その他） - 三重県(四日市市) https://t.co/w55PC1iEJs #求人 #派遣 #三重,@YSP_taso (*゜ー゜)vオハヨ♪,全員やんけ！,RT @KIBADORI_Rue: 身を焦がす程の https://t.co/5ikbT5GE18,@kakaka23bu (´・ω・｀)hot dogさんおはようございます♪ https://t.co/alu57GG6ci,"ゴ魔乙頑張ってるなぁ
STGの時代戻ってこないかな","今期は月曜1コマと水曜1コマ、それに加えて火曜1コマを検討中
水曜2コマと木曜1コマは潜入という形にしようかと思います","今日の天気:曇時々晴 最高気温23度
ツイート数:8(前日比:-3)
RTされた数:0(前日比:0)
受け取ったリプライ数:1(前日比:0)
いいねされた数:0(前日比:0)","宮崎弁！私は亀さん。ゆっくり自分のペースで！yukinon channel. 配信中!!
https://t.co/ZjVg2C8Yh0",白鳥庭園観楓会（2013/11/24）　　　https://t.co/eQ7tokSJnb,RT @touru1010: バミり用に置いてあった黄瀬くんの年期の入ったギャズビー蹴ったの誰！ https://t.co/vxHncuWN2E,「随分と、騒がしいねえ…」/悪之介,あっ https://t.co/KPXYXowD4a,"Q:えるもちゃんは何が好きなんですか？

A:仕事です。
一日していれば満足して寝ます。",@_tag_yt16 タグ反応ありがとうございます🐇♡ 誤反応でなければぜひ繋がりたいです(∩*´ｘ`*∩)💗https://t.co/mmJTCRr1fw,とりあえず燃やしたい,"RT @keilovechan: まっすーの回のチカラウタその③。
愛言葉の「てずてってとって」がおりてきた瞬間。そして「てをとるとずっと」になる。「みんなでてをとりあっていくとずっと愛してるよ」って意味だと語ってくれたまっすー。ステキな愛言葉をありがとう♡ https://t…","@6lKD79zzPN9CyHH わざわざ大阪まで見に行きます笑
生で中の人見たかったですが、ビューでもかなりルンルンです♪
また絵上げたら見てやってください〜(^O^)♪",RT @botda: ばーぜねー https://t.co/V1DQiMxAL4,えっちだ…ｗ,"私の星空マンボウ:) 
#taptapfish
Download: https://t.co/d6mTgejBAn https://t.co/noLkml7GwX",@oyo0421 ちょっと霧雨が降ってますがすぐに上がりそうですよ。,いちばん買いに行きたかったサークルさんがお隣さんだぁぁぁぁお留守番そっちのけで買いに行ってくる(　´＾ω＾)人,YファイルモロXファイルでゲラゲラわらってしまった,つよいつよい,"RT @mecicolle: 新着★おばけを従えたジャック・オー・ランタン、ニヤリとほほ笑む黒猫も！
『【2017年最新版】ハロウィン限定！スイーツからパンケーキまで7選』
⇒https://t.co/KvxaEb9YD6 #メシコレ https://t.co/4aB1AGo9…",RT @404_R_: とりに気に入られたぬの https://t.co/yjYX5ODdIt,今日の日替わり定食はチキン南蛮、パスタはグリルチキンの和風カルボナーラです( ¨̮  ),@takamatinano そ、それはもはや10年くらい前の話なのでは・・・。歳とりましたなァ,"RT @RWBY_JAPAN: RWBY VOLUME 4＜日本語吹替版＞
MOVIX京都10/7（土）上映情報
14：45～／17：45～／20：45～
https://t.co/cidVNzJqpq 
#RWBY #RWBY_JP #MOVIX京都","RT @kyohaku_ntv: 💰お知らせ🔫
本編映像PR②WEB先行配信‼️
主題歌聞けます👂
今すぐCHECK👀
https://t.co/q1ssIRzXGo
#今キョー 
#Let it snow! #12月リリース決定 https://t.co/u2pG8rd6QJ","RT @keyakise: 🌳『欅のキセキ』事前登録の受付を開始🌳
登録人数に応じて豪華特典を用意しました💫みなさんぜひ参加してくださいね‼️詳細はこちらから→https://t.co/mz0hPu1qsX
#欅のキセキ #ケヤキセ #事前登録開始 #拡散希望 https://…",@Calling_TL ビーさんの軽装（私は好き）が、光一つ通さない、ポルターガイスト現象が出るような屋敷内の探索は、突然囚われたとは言え不向きだろうなと。仮にちょっとした擦り傷、切り傷でもビーさんが怪我したらイーさんが無駄に困りそう（治療苦手）で…女性と話したり触れたりが,欲しいのは牧田、先発増井、涌井の順かなぁ。大和とか便利だけどキツいだろう https://t.co/ocMSmLHa7u,マジ風邪。。年中風邪ひいてるけど、いまがピーク,"@hxnxbba ほんとそれ
各色身に付けて記念写真しかないw",@Erika_beat ほぼ満点やんwwww,RT @ariko_ari_meet: ところでkemono+M3ヘッド代の1400りんりん石拾いで達成したんですよ https://t.co/PPb7wxq9nC,今日のドン勝 https://t.co/vF5sGdzq9i,ここは戦場なのだよ、お嬢ちゃん！,おきたねむい,実はもうとっくに惚れている( ) https://t.co/4885E4ScJy,バイトがんばんべ〜🐒🤙🏿,RT @tachibana_89: 常葉大橘先制点！,手の乾燥ハンパじゃない,@kp_seventeen95 愛ちゃんもおつかれ？？？,"@bluetoroa まなぶさん、お疲れ様です！
わわっ！ありがとうございますっっ！！めちゃくちゃ恥ずかしい(//∇//)
私もまなぶさんの御本読みました！！！もう、作品の雰囲気、語り口が好きです！！！
こちらこそ気の利いた挨拶も… https://t.co/p8XCoXALKE",@shake_zzzo ｱﾞｱﾞｱﾞｱﾞｱﾞ...ｱﾞ......あぁ......通常運転です,ちよちゃん200万見えてて草散らした,クロガミの雑談＆ゲーム実況！！PCからキャス配信中 - / PS4pro SAOホロリア https://t.co/6i7FBwqrDX,RT @sukui_renbori: え！？！？！？ https://t.co/45paNS714v,大好きって気持ちさえ届かない,きききききききききききききさききききききききききききききききききききさき ききききききききき,"運命の戦霊を手に入れろ！ド派手な連撃で彩る戦闘モードは必見！
エロくてかわいい！熱くなれる！本格美少女RPG！
事前登録URL：https://t.co/bA5fZgSuN7
#ソウル戦記",とりあえずたつきがアニメから離れなくてよかったよよよ,"【一気にお金を稼ぎたい！】
一発で多額のポイントを獲得したい方にお勧めです。
特におすすめは日替わりで行われるタイムセールの広告です！
1万ポイント前後の大量獲得ができ、かなり稼げます。
【無料会員登録】→https://t.co/0kXybfi0aA",いやテルマエ・ロマエ出れるでしょ、だって負けてない(顔が) https://t.co/QilhTJJX9j,"@Arrry_921 

ハピバ〜！ https://t.co/bIzoJyyGin","笑顔の玉手箱☆（‘◇‘）
まーくんtime♡",お金はいるけどお仕事はやめたい,@Uuuma6789 あぁ、これのことね！これはあれやね、紅茶味の豆乳笑,"@bhg___69 まずあーゆ漢字だす時点で感じ悪い👎
ですよねぇ",久々に女子高の文化祭行ってきた,RT @numagasa: よく思うんだけど、ある動物にとっては他の動物が「死」そのもので、たとえばハチにとってハナカマキリは「死」だし、蛾にとってヤモリは壁を這って忍び寄る「死」そのものなわけで、動物に見慣れた私たち人間の視点を一度捨て去って、「ああ、これが《死》…」という視…,ｳｵｵﾝアイカツ５周年すごい…おめでとうございます！！,ろーん,"やっぱり520より525の方が選択肢広いなぁ
520だと純正の鉄か社外のジュラルミンしかないけど
525だとスチールでやりたい丁数があるのはありがたいが
アメリカの聞いたことないメーカーなのが気になる",@akatuki_ennka ちょっと揉み比べないと,". 参加者募集！参戦ID：40469458
Lv100 オーディン
https://t.co/gnKlZsGF96",まだララ観察中だけどそろそろ怪しまれそう,サロンパスpresents 映画「ラストレシピ」公開記念キャンペーン！Mr.CGと一緒に応援しよう♪ https://t.co/7PSTHTdbMI #サロンパス_ラストレシピC賞応募,"RT @Rabbit__hammer: #繋がらなくていいから私のハントレスを見てくれ
使い回し〜。みてけれ〜。 https://t.co/e4kKJ6iwbf",RT @VocaloOngaku: 【結月ゆかり】リバティーン【オリジナル曲】 - ニコニコ動画 https://t.co/LTqI8MZBEO,セイセイさんとほとんど話したことないけど、僕はセイセイさんを会社のパソコンの待受に設定している,@d_faculty_law 水曜面接一緒行かんか,@DRA_FOX いいでしょーーー,@numaidr 腹パンしてきたの笑った😂😂😂なすちゃんお仕事たいへんそーだもんね（ｉ__ｉ）無理しないでね！！ド！のイベントはCYYがめちゃくちゃめちゃくちゃスタッフさんたちも愛情たっぷりで最高だった😵💞,ふらっとどこか行きたいな,@Sr__4121 あれはめんどい😂😶,傘私合わないなー。。,ギルバトお疲れ様,@Prinz_Allyplum 流石にそれは痛いと言われそうなのでアカウント名は入れませんｗ,@Gebao01 ヘーホンホヘホハイ大好きなのはヘーホンホヘホハイ食べた事ない俺でも嬉しいけどでもヘーホンホヘホハイ買ってこいって兄に言いながらヘーホンホヘホハイより兄の方が好きとは言ってないな……,"【戦国ランブレイド】事前登録受付中

女の子になった武将と一緒に魔王の軍勢を打ち破ろう。
今なら事前登録ガチャで浅井長政や黒田官兵衛などを手に入れるチャンス！

▼詳細はこちら▼
https://t.co/8QO5O03zUe

#ランブレ #事前登録",RT @ae1t6VfRKoPgOzr: なんかよーわからんけど説得したら携帯取られんですんだ～ https://t.co/EckpgGw2eB,└(┐┘)┌　ぬるめのミルクと甘いゴミ,"@mizuame_tu そうです！
よろしくです😊",RT @yartsensei: 結局、娘の成長分を首〜肩辺りで10cmほど延長した。あまりピグモンぽくしたくないので試着してもらってギリギリまで身長を詰めたい。またしばらくヒレ作りが始まるな。。 https://t.co/dgKWh1ayko,@cockatiel1214 なんかありがとござます‥（リプしてよかったかしら‥）,このメンツつよぉい https://t.co/mnW9TuQcLS,ルパン三世のテーマ曲は「ルパンルパーン」と、言ってるわけではない,看病したいとか思った私を殺してくれ,"RT @dmm_maou: オッパイッス！
公式おっぱいマウスパッドの抽選、第2弾♪
応募方法は、このアカウントをフォロー＆このツイートをリツイートするだけ！！
第1弾と並行応募OKなのですよー！(๑•̀ㅂ•́)وﾊﾟｲﾊﾟｲｯｽ

【おっぱい抽選対象(10… ",@WandEAS_bot なんだかまだその名前、言い慣れないんだよなあ。でもイースはたまにそっちで呼ばれたいみたいだ。せ、せ、せつ…ダメだ！なんかわからないけど、言えないっ,"すぐ色変わってしまったのよ。
私は綺麗に撮れたけど連れは撮れてなかった。","RT @kirizaki_ei: 撮れました。今回一番迷走してキツかったです。土下座とかその他は一通り終わってからやります。

　10/13(金)　断罪のアレの動画
　10/14(土)　公開長時間生
　10/19(木)　新実況動画",@eiY39yihNGbWboj なんてロマンチックな,@komekurai_aya めっちゃかわいいwwww,"ほら！！！！！！！！
聡くんが勝利くんの字好きだって！！！！！！！！
#reco1134","RT @TRUSH_rico: 言うた…言うてない…

とがめてるのは、そんな状況下を生み出した現実。

上！？下！？
強いのは、上に決まってる。

下のもんに責任を背負わすのは、恥じること。","RT @nasipasuta: #乳の日 
その昔、青セイバーその人を巨乳化するブームがボクにはあった https://t.co/P19rZ3Hf20",RT @SsoMakoto: オタクがたった２９万票山田太郎に入れただけで、規制派最先鋒だった小池都知事に「私別にアニメマンガ嫌いじゃないですし」って言わせられるんだぜ。すげーよ投票,例え今過去の曲をずっとやってくれてるとしても多分自分的なものは変わらないし,ふんばれ！！！わてらのごとく！！！（ダスラー）,今月バイトしてなさすぎて精神的にあれ,@Tsubati10 カッコいいよね！特別感あるわ～( ^ω^ ),@S_Fujinon どんな感じになるんだろうねo(*^▽^*)o,@deaichu2525 それはわろたwwwwww,"RT @gengorowww: PON 秋の嵐week ④ー③
最近一番カッコよくなったメンバーは？

(´･∀･`)かっこいいんだよ！
(´･∀･`)俺はかっこ悪いんだよ！

青木アナ、恒例の嵐ウィークありがとうございました
またオタ目線の気持ち悪い質問をよろ… ","&gt;&gt;RT
岡山っていうと倉敷ってなって、まず一番最初にいるかちゃんが頭の中に浮かぶ…
(歳がばれる",RT @etherealcat: プーチン大統領に犬を贈ったことで話題のトルクメニスタン国ですが、つい10年前までニヤゾフ大統領というトンデモ独裁者がいて、「面白い方の北朝鮮」と呼ばれてたりしました。 https://t.co/mJfycAQeDG,無事、LUNARIUMのチケット捌けました(๑´•.̫ • `๑) ムダに席数減らさずに済んだ、一人でも多く来てくれ(´-ω-`),"クラブ後にユニバ ✌🏻

ちょっとだけやったけど 楽しかった〜 :) https://t.co/wb62qMKo0U",RT @sharoh_hanten: 『JKと捨て子の赤ちゃん』 https://t.co/rLiLlpLIOY,バイトの後輩有能すぎてしゅきぴ,イベントも終わったことだし原稿期間に「書きます」って言ったネタのリストを作らないと……いくつか…何か書くって言った気がする……,吐きそう...どしよ辛すぎ...まってやべぇ....,@Upvqqb2Qyy1vLFO おう！,@Team__LaL 6人申請しました,@arcinsand 桂木さんこんばんは！風邪の方は良くなってますか？早く治ることをお祈りしてます！そしていつもありがとうございますのシノキバです、よかったら貰ってやって下さい！ https://t.co/Zt8AcC46P2,@z_BBB_ …おお怖。極力そういう物騒な話の出ないように気をつけて。,RT @katsuyatakasu: 有田芳生　無念！橋下前市長に特大級ブーメランを喰らい、テレビ番組降板『政治ムービー』 | そろそろ最強論客を決めようじゃないか https://t.co/qBNiOCrlLk via,RT @xxxwatataixxx: ちっこいのはダメだけどでっかいのは得意な藤ヶ谷先輩。かわいいしかない(語彙力) https://t.co/p72Csj83b9,RT @foot1994: 希望の100議席の可能性はほぼなくなった。無所属含めた実質的な野党第一党がどこになるかが焦点,"RT @aya122_SZ: 🌹お友達探し🌹
〜新垢のためお迎え多めです〜

・gunma
・JC3
・セクガル歴浅め 
・同担拒否🈚

#わーーーージャニオタさんと繋がるお時間がまいりましたいっぱい繋がりましょ #セクガルさんセクメンさんと繋がりたい… ","@Alice0802_ こんばんは(*^.^*)
ぜひとも繋がりましょう！宜しくお願いします✨",小指ちゃんてほんと銀さんの声に似てる,"「村の人生/Village」というゲームの魅力について記事を書きました！(ブログ)
https://t.co/2NxGWXwesQ
あまり有名ではないですが、非常にやりごたえのある傑作です。連休のあいだ頭から離れませんでした…
面白かったよ！という方はぜひRTをお願いします！",@taiyou121126 さんきゅ！,"RT @Maguro0327vi: ハロウィン3枚プリントしてくれる人いるのかなぁ……
人が多かったらやる((
#拡散してくれたら幸いです","RT @TAKAP146: おーまいがっと降臨来店ッ😆✨‼️

昨日バッチバチの#ワンマンLIVE""終えた#APOLLO""‼️
5周年DUBホーンマありがとな😆‼️

メジャーでバッチバチかまし… ""エリートよりもストリート""https://t.co/X2l2PQ7G4t","RT @BuzzFeedJapan: 魔法にかかった。

👉「ハリー・ポッターで人生が変わった人たち」の感動的な物語 #ハリーポッター 
 https://t.co/QZhIOOVmYi https://t.co/c4lfzCtRqQ","@BlackEgg_TY 沖縄行きたいw
あとウユニ塩湖←",最近愚痴ばっかり言ってるwダメだw,"RT @sakibokuntv: 手抜き画像でごめんなさい！💦
チーム先僕の番組出演😊お楽しみに❗️ https://t.co/ORaySnk0tg",大好きな松本哲也選手の引退が悲しすぎて引きずっている…(´;ω;`),"locofrank / PASSED AWAY https://t.co/nZFYMoRdQd @YouTubeより
今日はコレ！！",おっぱい大きくなりませんかね🙌,階段をびよんびよん降りてくバネってあったじゃん？,番組には間に合ったのに、神には間に合わなかった( ノД`)…,@michi_yr 石原先輩ありがとうございます！！,"RT @KAGAYA_11949: 昨日出演した星まつりのイベント「宙フェス」にて撮影。
たくさんの方とお会いできてうれしかったです。 https://t.co/fxFYBkkVuQ","本日もありがとうございました！
プレゼント🎁やおかわり、いつもきてくれるお兄さんもきてくれて嬉しかったです☺️💕
昨日と今日、イベント楽しかったなぁ、、(*´◒`*)
次回は13日(金)16時〜21時です！😌 https://t.co/OgeeDcKECv","有償フォロ爆の販売者　（日本人フォロ爆） @followersell_1 #有償フォロ爆

#zL)KVの~ぢrXげわし*Est7た https://t.co/68unwVdWfR",おふろの時間だって言うのに、おとうとがゲーム止めなくて怒られてる。しかたないから一緒に入ってあげよう。おれもよく怒られたなぁ・・。　あき,@tkdk_12 @CUforHQ @drmf_sorami 天才現る！！,RT @MoCoMoCoPoPo: うむ! https://t.co/lNJgtLZQEf,ぼぃめん衣装資料集みたいな本だしてくれ,化粧落として寝よ〜〜風呂は朝風呂だわ……来る前に入ったし,えっこれやばくない？ｗｗｗ,キレてるー！(焦げてるーのノリ,"#au #京都 #BiVi二条 #docomo #SB #iPhone
 #格安 #セール #のりかえ #期間限定

ついにauが本気を出しました!!
話題の最新機種がなんと月額1980円～!!
詳しくは当店までお問い合わせください!!

☆★他店徹底対抗致します★☆",装備が無いと思ったらつけたまま9時間委託入れてた…,どっどっど　どどどどどどどどどどどどどど　ど　ど　ど　（バリ島を訪れた宮沢賢治（どういうこっちゃ合作,"あぶ刑事も今日放送です(*´ω｀*)

あぶない刑事フォーエヴァー THE MOVIE

チャンネルNECO
10/10(火) 19:00～21:00
予告編
10/10(火) 18:55～19:00… https://t.co/Y9xQvrcq3F","ねれないやつ⸜(* ॑꒳ ॑*  )⸝
しくったー⸜(  ⌓̈ )⸝",すごいなぁ 勝利視点と敗北視点だと強さ見れる人全然違う 敗北視点だとバルマソ君のラピとれいじさんの52めっちゃ脅威なのがわかる...,"今日は
バックステップ&amp;マフラーステー
作ってます。 https://t.co/lo6PQfLBAY",ゲームを中古で買うことについてどう思う？ https://t.co/MvPUuCHmeD,また明日にあげよう😌おやすみなさい,今日提出のレポウヨ終わった_(:3」∠)_,"【ワシントンDC】ナショナルズ・パークでMLB観戦（ワシントンナショナルズ-シンシナティレッズ）｜Yutaka's blog 
#ナショナルズ #ハーパー #ストラスバーグ #レギュラーシーズン #現地観戦 #MLB #野球 
 https://t.co/IbE4vsd2Rl",きたよー！,RT @abck50: 【衝撃動画ｗ】新宿南口で北朝鮮支援デモ⇒おそらく全員朝鮮学校生ら多数参加で朝鮮語と日本語でがなり立て｢日本政府は緊張を高めるな！｣｢米軍は朝鮮半島から出ていけ！｣ : 政経ワロスまとめニュース♪ https://t.co/sIc5P8XJ7X,"RT @BTS_BIGBANG_TS: A.R.M.Y.さんこんにちは🦁

A.R.M.Y.相互しません？

#rtしたarmy全員フォローする https://t.co/ig4P5r02to",@saguwa_com ビートルジュース！！！！！！,誰か飯いこ〜,昼夜逆転フレンズ,@E3NCOUNT @4 (🍬🍭( '-' 🍭 )ｱﾒﾁｬﾝあげる,あああああああ,TTK氏のツイートは反応も含めもう見られないな。氏に思うところはないが精神の平穏のためミュートしておこう。,"RT @risatch2: ラーブラブ❤
@1020108HRO https://t.co/KiRxSK9NxH",「また寝ていらっしゃるか、昨夕は御迷惑で御座んしたろう。何返も御邪魔をして、ほほほほ」と笑う。臆した景色も、隠す景色も――恥ずる景色は無論ない。ただこちらが先を越されたのみである。
